gender,dept,gt,it,wk,l1,category_zh,n_total,n_designs,n_clients,confidence,top_client,top_client_pct,top3_clients,top_iso,top_iso_pct,top_method_en,top_method_pct,ie_avg_sec,iso_count,method_count,top_machine,top_skill,top_section
WOMEN,ACTIVE,BOTTOM,PANTS,KNIT,PS,褲合身,1957,357,13,high,OLD NAVY,46.6,OLD NAVY(46.6%) / GAP(12.6%) / DICKS SPORTING GOODS(11.5%),514,49.3,4-thread Overlock,32.2,0.053,9,13,手工-含做記號、翻修等工段,B,修頭尾縫份(兩邊)
WOMEN,ACTIVE,BOTTOM,PANTS,KNIT,WB,腰頭,1645,357,13,high,OLD NAVY,47.2,OLD NAVY(47.2%) / DICKS SPORTING GOODS(11.6%) / GAP(10.6%),301,43.0,Lockstitch,25.8,0.067,9,13,手工-含做記號、翻修等工段,B,做上腰頭記號
WOMEN,ACTIVE,BOTTOM,PANTS,WOVEN,PS,褲合身,1542,197,7,high,TARGET,54.2,TARGET(54.2%) / DICKS SPORTING GOODS(24.2%) / ATHLETA(9.6%),514,41.9,4-thread Overlock,29.7,0.036,7,12,手工-含做記號、翻修等工段,B,合內長
WOMEN,ACTIVE,BOTTOM,PANTS,KNIT,PK,口袋,1203,251,13,high,OLD NAVY,46.4,OLD NAVY(46.4%) / GAP(18.6%) / ATHLETA(13.0%),301,47.8,Lockstitch,22.4,0.052,7,12,平車-細針距,B,打結(四個)
WOMEN,ACTIVE,BOTTOM,PANTS,KNIT,LB,商標,966,357,13,high,OLD NAVY,49.4,OLD NAVY(49.4%) / GAP(14.7%) / DICKS SPORTING GOODS(10.9%),301,100.0,Marking,46.3,0.026,1,5,手工-含做記號、翻修等工段,E,做記號
WOMEN,ACTIVE,BOTTOM,PANTS,WOVEN,WB,腰頭,835,197,7,high,TARGET,50.5,TARGET(50.5%) / DICKS SPORTING GOODS(26.0%) / ATHLETA(9.3%),301,57.4,Lockstitch,33.2,0.075,10,13,手工-含做記號、翻修等工段,E,做鬆緊帶記號
WOMEN,ACTIVE,BOTTOM,PANTS,KNIT,LO,褲口,809,357,13,high,OLD NAVY,43.0,OLD NAVY(43.0%) / GAP(15.3%) / ATHLETA(12.5%),514,36.9,Marking,23.2,0.068,9,13,手工-含做記號、翻修等工段,E,修褲口
WOMEN,ACTIVE,BOTTOM,PANTS,WOVEN,PK,口袋,769,138,7,high,TARGET,41.6,TARGET(41.6%) / ATHLETA(24.0%) / BEYOND YOGA(15.1%),301,61.7,Lockstitch,31.7,0.072,8,13,平車-細針距,B,打結(四個)
MEN,ACTIVE,BOTTOM,PANTS,WOVEN,PK,口袋,640,64,5,high,UNDER ARMOUR,40.5,UNDER ARMOUR(40.5%) / DICKS SPORTING GOODS(35.3%) / TARGET(14.7%),301,59.8,Lockstitch,32.7,0.056,8,13,平車-細針距,B,固定袋布
MEN,ACTIVE,BOTTOM,PANTS,KNIT,PK,口袋,633,78,7,high,OLD NAVY,29.7,OLD NAVY(29.7%) / KOHLS(28.5%) / UNDER ARMOUR(18.1%),301,53.9,Lockstitch,30.0,0.052,7,12,平車-細針距,B,固定袋布
MEN,ACTIVE,BOTTOM,PANTS,WOVEN,PS,褲合身,612,65,6,high,UNDER ARMOUR,41.6,UNDER ARMOUR(41.6%) / DICKS SPORTING GOODS(35.6%) / TARGET(13.6%),514,42.0,4-thread Overlock,31.1,0.039,7,12,手工-含做記號、翻修等工段,B,合外長
WOMEN,ACTIVE,BOTTOM,PANTS,WOVEN,LB,商標,599,197,7,high,TARGET,55.1,TARGET(55.1%) / DICKS SPORTING GOODS(20.5%) / ATHLETA(13.0%),301,100.0,Marking,44.4,0.026,1,5,手工-含做記號、翻修等工段,E,做記號
WOMEN,ACTIVE,BOTTOM,PANTS,WOVEN,LO,褲口,597,197,7,high,TARGET,63.2,TARGET(63.2%) / DICKS SPORTING GOODS(21.4%) / ATHLETA(6.6%),301,43.1,Lockstitch,25.4,0.116,9,14,平車-細針距,B,修褲口
GIRL,ACTIVE,BOTTOM,PANTS,WOVEN,PS,褲合身,594,78,3,high,TARGET,90.5,TARGET(90.5%) / DICKS SPORTING GOODS(5.0%) / A & F(4.5%),514,43.0,4-thread Overlock,30.5,0.032,7,12,手工-含做記號、翻修等工段,B,合內長
MEN,ACTIVE,BOTTOM,PANTS,KNIT,PS,褲合身,530,86,8,high,OLD NAVY,35.3,OLD NAVY(35.3%) / KOHLS(22.2%) / GAP(13.2%),514,78.1,4-thread Overlock,61.8,0.037,7,12,四線拷克,B,合內長
WOMEN,ACTIVE,BOTTOM,PANTS,KNIT,OT,其它,408,220,11,high,OLD NAVY,52.1,OLD NAVY(52.1%) / ATHLETA(15.6%) / DICKS SPORTING GOODS(14.7%),301,74.4,Marking,42.0,0.002,10,16,手工-含做記號、翻修等工段,E,其它
WOMEN,RTW,BOTTOM,PANTS,WOVEN,PK,口袋,393,42,9,high,GU,67.2,GU(67.2%) / KOHLS(6.8%) / WAL-MART-CA(6.3%),301,45.8,Pressing,25.0,0.059,5,10,平車-細針距,B,打結(四個)
WOMEN,ACTIVE,BOTTOM,PANTS,WOVEN,LI,裡布,353,153,6,high,TARGET,69.4,TARGET(69.4%) / DICKS SPORTING GOODS(25.3%) / BEYOND YOGA(1.9%),301,70.3,Marking,52.9,0.05,5,7,手工-含做記號、翻修等工段,E,做記號
WOMEN,RTW,BOTTOM,PANTS,WOVEN,PS,褲合身,342,47,10,high,GU,40.1,GU(40.1%) / KOHLS(20.8%) / WAL-MART-CA(13.5%),516,42.6,5-thread Overlock,35.4,0.04,7,12,五線拷克,B,合外長
MEN,ACTIVE,BOTTOM,PANTS,KNIT,WB,腰頭,307,86,8,high,KOHLS,35.3,KOHLS(35.3%) / OLD NAVY(25.1%) / GAP(15.5%),301,50.6,Lockstitch,30.5,0.073,6,9,手工-含做記號、翻修等工段,E,做鬆緊帶記號
GIRL,ACTIVE,BOTTOM,PANTS,KNIT,PS,褲合身,302,62,7,high,A & F,30.3,A & F(30.3%) / ATHLETA(23.4%) / OLD NAVY(20.1%),514,73.2,4-thread Overlock,55.6,0.043,6,9,四線拷克,B,合外長
GIRL,ACTIVE,BOTTOM,PANTS,WOVEN,WB,腰頭,284,78,3,high,TARGET,89.8,TARGET(89.8%) / DICKS SPORTING GOODS(5.8%) / A & F(4.4%),301,55.3,Lockstitch,31.5,0.062,6,8,手工-含做記號、翻修等工段,E,做鬆緊帶記號
GIRL,ACTIVE,BOTTOM,PANTS,WOVEN,LO,褲口,258,78,3,high,TARGET,93.5,TARGET(93.5%) / DICKS SPORTING GOODS(3.5%) / A & F(3.1%),514,42.6,4-thread Overlock,29.4,0.098,7,12,平車-細針距,B,壓褲口
MEN,ACTIVE,BOTTOM,PANTS,WOVEN,WB,腰頭,247,65,6,high,UNDER ARMOUR,45.4,UNDER ARMOUR(45.4%) / DICKS SPORTING GOODS(34.1%) / TARGET(9.6%),301,58.4,Lockstitch,34.2,0.08,8,12,手工-含做記號、翻修等工段,E,做鬆緊帶記號
BOY,RTW,BOTTOM,PANTS,WOVEN,PS,褲合身,232,35,6,high,GAP,77.2,GAP(77.2%) / ZARA(6.9%) / TARGET(5.2%),514,44.1,4-thread Overlock,33.8,0.027,5,9,五線拷克,B,合內長
MEN,ACTIVE,BOTTOM,PANTS,KNIT,LB,商標,226,86,8,high,OLD NAVY,28.8,OLD NAVY(28.8%) / KOHLS(22.6%) / UNDER ARMOUR(18.6%),301,100.0,Marking,45.6,0.028,1,6,手工-含做記號、翻修等工段,E,做記號
MEN,ACTIVE,BOTTOM,PANTS,WOVEN,LB,商標,225,65,6,high,UNDER ARMOUR,48.0,UNDER ARMOUR(48.0%) / DICKS SPORTING GOODS(32.9%) / TARGET(9.3%),301,100.0,Marking,45.1,0.028,1,5,手工-含做記號、翻修等工段,E,做記號
GIRL,ACTIVE,BOTTOM,PANTS,WOVEN,LB,商標,224,78,3,high,TARGET,90.6,TARGET(90.6%) / A & F(5.4%) / DICKS SPORTING GOODS(4.0%),301,100.0,Marking,40.7,0.027,1,4,手工-含做記號、翻修等工段,E,做記號
MEN,RTW,BOTTOM,PANTS,WOVEN,PS,褲合身,224,28,7,high,GU,45.3,GU(45.3%) / WAL-MART-CA(23.3%) / ZARA(13.1%),516,36.6,4-thread Overlock,27.7,0.04,7,11,五線拷克,B,合內長
GIRL,ACTIVE,BOTTOM,PANTS,KNIT,WB,腰頭,221,62,7,high,ATHLETA,28.6,ATHLETA(28.6%) / A & F(25.2%) / OLD NAVY(19.2%),301,42.1,Marking,26.7,0.066,8,11,手工-含做記號、翻修等工段,E,做鬆緊帶記號
GIRL,ACTIVE,BOTTOM,PANTS,WOVEN,PK,口袋,220,46,2,low,TARGET,99.1,TARGET(99.1%) / DICKS SPORTING GOODS(0.9%),301,52.3,Lockstitch,24.3,0.058,6,11,平車-細針距,B,打結(四個)
WOMEN,ACTIVE,BOTTOM,PANTS,WOVEN,SB,剪接線_下身類,215,74,7,high,DICKS SPORTING GOODS,41.0,DICKS SPORTING GOODS(41.0%) / TARGET(40.1%) / BEYOND YOGA(6.0%),301,39.7,Lockstitch,32.1,0.05,7,12,平車-細針距,B,壓直向剪接明線
MEN,ACTIVE,BOTTOM,PANTS,KNIT,LO,褲口,213,86,8,high,KOHLS,28.7,KOHLS(28.7%) / OLD NAVY(26.9%) / GAP(17.0%),301,36.2,Marking,24.3,0.08,7,11,手工-含做記號、翻修等工段,E,修褲口
WOMEN,RTW,BOTTOM,PANTS,WOVEN,WB,腰頭,210,47,10,high,GU,47.0,GU(47.0%) / KOHLS(16.7%) / TARGET(8.8%),301,64.0,Lockstitch,38.6,0.073,6,10,平車-細針距,C,做鬆緊帶記號
MEN,RTW,BOTTOM,PANTS,WOVEN,PK,口袋,208,28,7,high,GU,45.3,GU(45.3%) / WAL-MART-CA(25.0%) / ZARA(9.9%),301,78.6,Lockstitch,35.3,0.074,6,11,平車-細針距,B,打結(四個)
WOMEN,RTW,BOTTOM,PANTS,KNIT,PK,口袋,201,29,8,high,BANANA REPUBLIC,24.1,BANANA REPUBLIC(24.1%) / DICKS SPORTING GOODS(17.9%) / WAL-MART-CA(15.6%),301,50.2,Lockstitch,27.8,0.058,3,8,平車-細針距,E,固定袋布
GIRL,ACTIVE,BOTTOM,PANTS,KNIT,PK,口袋,198,27,5,high,ATHLETA,77.6,ATHLETA(77.6%) / KOHLS(10.0%) / OLD NAVY(5.5%),301,50.3,Lockstitch,21.9,0.044,4,9,平車-細針距,B,做口袋記號
WOMEN,RTW,BOTTOM,PANTS,KNIT,PS,褲合身,194,37,10,high,WAL-MART-CA,17.5,WAL-MART-CA(17.5%) / TARGET(16.0%) / KOHLS(15.5%),514,57.6,4-thread Overlock,42.1,0.048,6,10,四線拷克,B,修頭尾縫份(兩邊)
MEN,ACTIVE,BOTTOM,PANTS,WOVEN,SB,剪接線_下身類,179,57,5,high,DICKS SPORTING GOODS,43.6,DICKS SPORTING GOODS(43.6%) / UNDER ARMOUR(39.9%) / TARGET(5.9%),301,42.9,Lockstitch,33.3,0.046,7,11,平車-細針距,B,做記號
WOMEN,ACTIVE,BOTTOM,PANTS,WOVEN,DC,繩類,176,133,7,high,TARGET,44.6,TARGET(44.6%) / DICKS SPORTING GOODS(24.4%) / ATHLETA(18.7%),301,99.4,Marking,45.0,0.059,3,7,手工-含做記號、翻修等工段,E,繩固定大身
GIRL,ACTIVE,BOTTOM,PANTS,KNIT,LB,商標,172,62,7,high,ATHLETA,34.3,ATHLETA(34.3%) / A & F(30.8%) / OLD NAVY(17.4%),301,100.0,Marking,44.9,0.026,1,5,手工-含做記號、翻修等工段,E,做記號
GIRL,ACTIVE,BOTTOM,PANTS,WOVEN,LI,裡布,171,72,2,medium,TARGET,92.2,TARGET(92.2%) / DICKS SPORTING GOODS(7.8%),301,55.5,Marking,53.2,0.049,3,5,手工-含做記號、翻修等工段,E,短褲翻修(內裡短褲)
BOY,ACTIVE,BOTTOM,PANTS,WOVEN,PS,褲合身,167,24,3,high,TARGET,65.9,TARGET(65.9%) / A & F(28.1%) / UNDER ARMOUR(6.0%),514,48.1,4-thread Overlock,38.6,0.033,6,9,五線拷克,B,合後襠
WOMEN,ACTIVE,BOTTOM,PANTS,WOVEN,BS,釦鎖,160,132,7,high,TARGET,53.1,TARGET(53.1%) / DICKS SPORTING GOODS(21.0%) / ATHLETA(14.2%),,,Buttonhole,62.2,0.027,0,4,燙工-手燙,C,燙襯
WOMEN,RTW,BOTTOM,PANTS,KNIT,WB,腰頭,159,37,10,high,KOHLS,20.4,KOHLS(20.4%) / ASICS-EU(15.6%) / DICKS SPORTING GOODS(15.6%),301,44.8,Lockstitch,26.8,0.074,7,11,手工-含做記號、翻修等工段,B,做鬆緊帶記號
MEN,ACTIVE,BOTTOM,SHORTS,WOVEN,PS,褲合身,156,15,3,high,DISTANCE,58.3,DISTANCE(58.3%) / DICKS SPORTING GOODS(25.6%) / TARGET(16.0%),514,46.1,4-thread Overlock,26.0,0.029,7,12,手工-含做記號、翻修等工段,B,做記號
GIRL,ACTIVE,BOTTOM,PANTS,KNIT,LO,褲口,148,62,7,high,ATHLETA,36.4,ATHLETA(36.4%) / A & F(31.8%) / OLD NAVY(14.3%),406,44.2,Coverstitch,23.2,0.056,5,9,手工-含做記號、翻修等工段,E,修褲口
MEN,ACTIVE,BOTTOM,PANTS,WOVEN,LO,褲口,143,64,6,high,UNDER ARMOUR,42.1,UNDER ARMOUR(42.1%) / DICKS SPORTING GOODS(31.6%) / TARGET(13.2%),406,36.0,Marking,20.8,0.075,4,9,手工-含做記號、翻修等工段,B,壓褲口
WOMEN,ACTIVE,BOTTOM,PANTS,KNIT,PD,褶,141,74,8,high,OLD NAVY,41.1,OLD NAVY(41.1%) / GAP OUTLET(13.5%) / DICKS SPORTING GOODS(12.8%),301,71.9,Lockstitch,34.1,0.05,6,10,平車-細針距,B,做記號
MEN,ACTIVE,BOTTOM,PANTS,KNIT,SB,剪接線_下身類,136,57,5,high,OLD NAVY,51.8,OLD NAVY(51.8%) / KOHLS(29.1%) / UNDER ARMOUR(9.2%),514,59.3,4-thread Overlock,43.5,0.046,7,10,四線拷克,B,做記號
WOMEN,ACTIVE,BOTTOM,PANTS,WOVEN,OT,其它,132,61,7,high,TARGET,33.8,TARGET(33.8%) / ATHLETA(26.6%) / DICKS SPORTING GOODS(21.7%),301,58.9,Marking,31.0,0.058,8,14,手工-含做記號、翻修等工段,E,其它
WOMEN,ACTIVE,BOTTOM,PANTS,KNIT,SB,剪接線_下身類,127,54,6,high,OLD NAVY,62.2,OLD NAVY(62.2%) / KOHLS(10.2%) / DICKS SPORTING GOODS(8.7%),514,43.5,4-thread Overlock,29.9,0.065,5,8,手工-含做記號、翻修等工段,B,做記號
BOY,RTW,BOTTOM,PANTS,KNIT,PS,褲合身,127,20,5,high,GAP,49.6,GAP(49.6%) / OLD NAVY(21.3%) / GAP OUTLET(13.4%),514,89.4,4-thread Overlock,71.1,0.026,4,8,四線拷克,B,合後襠
BOY,RTW,BOTTOM,PANTS,WOVEN,OT,其它,123,32,5,high,GAP,86.5,GAP(86.5%) / DICKS SPORTING GOODS(9.0%) / GU(2.6%),301,89.9,Lockstitch,43.5,0.026,6,12,手工-含做記號、翻修等工段,C,前後襠游線
WOMEN,ACTIVE,BOTTOM,PANTS,KNIT,DC,繩類,122,104,11,high,GAP,29.5,GAP(29.5%) / OLD NAVY(21.2%) / DICKS SPORTING GOODS(17.4%),301,96.9,Marking,39.2,0.088,3,7,手工-含做記號、翻修等工段,C,繩固定大身
BOY,ACTIVE,BOTTOM,PANTS,KNIT,PS,褲合身,118,26,5,high,A & F,71.2,A & F(71.2%) / GAP(11.9%) / UNDER ARMOUR(6.8%),514,95.2,4-thread Overlock,84.7,0.037,3,6,四線拷克,B,合內長
MEN,ACTIVE,BOTTOM,SHORTS,WOVEN,BN,貼合,117,11,2,medium,DISTANCE,96.6,DISTANCE(96.6%) / TARGET(3.4%),301,100.0,Pressing,51.2,0.137,1,6,大型熱轉印機(大於或等於30cmX90cm),D,熱轉印
MEN,ACTIVE,BOTTOM,PANTS,KNIT,OT,其它,112,35,7,high,S1 DEVELOPING,37.5,S1 DEVELOPING(37.5%) / KOHLS(24.0%) / OLD NAVY(15.4%),301,76.7,Marking,37.5,0.184,6,11,手工-含做記號、翻修等工段,E,其它
BOY,RTW,BOTTOM,PANTS,WOVEN,WB,腰頭,108,35,6,high,GAP,77.6,GAP(77.6%) / ZARA(9.5%) / GU(5.2%),301,62.7,Lockstitch,34.9,0.062,5,9,手工-含做記號、翻修等工段,E,做鬆緊帶記號
WOMEN,ACTIVE,BOTTOM,PANTS,KNIT,BS,釦鎖,104,95,11,high,GAP,35.6,GAP(35.6%) / OLD NAVY(26.0%) / DICKS SPORTING GOODS(14.4%),,,Buttonhole,62.0,0.029,0,4,燙工-手燙,C,燙襯
BOY,RTW,BOTTOM,PANTS,WOVEN,LB,商標,104,35,6,high,GAP,80.8,GAP(80.8%) / ZARA(9.6%) / DICKS SPORTING GOODS(3.8%),301,98.5,Marking,55.4,0.023,2,5,平車-細針距,E,做記號
MEN,ACTIVE,BOTTOM,PANTS,KNIT,BS,釦鎖,100,76,8,high,KOHLS,38.0,KOHLS(38.0%) / OLD NAVY(21.0%) / UNDER ARMOUR(18.0%),,,Buttonhole,63.8,0.028,0,4,燙工-手燙,C,燙襯
WOMEN,RTW,BOTTOM,PANTS,WOVEN,OT,其它,97,28,8,high,GU,62.3,GU(62.3%) / KOHLS(11.4%) / TARGET(7.9%),301,93.4,Lockstitch,54.8,0.017,4,8,帶刀平車,C,腰頭游線
WOMEN,RTW,BOTTOM,PANTS,WOVEN,LO,褲口,95,47,10,high,GU,33.0,GU(33.0%) / KOHLS(21.0%) / WAL-MART-CA(10.0%),301,35.2,Marking,26.3,0.087,8,12,手工-含做記號、翻修等工段,E,壓褲口
MEN,RTW,BOTTOM,PANTS,KNIT,PS,褲合身,91,10,5,high,HIGH LIFE LLC,44.0,HIGH LIFE LLC(44.0%) / WAL-MART-CA(26.4%) / ASICS-EU(14.3%),514,51.8,4-thread Overlock,35.5,0.042,6,11,手工-含做記號、翻修等工段,B,修頭尾縫份(兩邊)
MEN,RTW,BOTTOM,PANTS,WOVEN,WB,腰頭,91,28,7,high,GU,49.5,GU(49.5%) / WAL-MART-CA(22.2%) / ZARA(10.1%),301,72.0,Lockstitch,37.9,0.085,7,11,手工-含做記號、翻修等工段,E,做鬆緊帶記號
WOMEN,ACTIVE,BOTTOM,PANTS,WOVEN,PD,褶,90,52,5,high,TARGET,45.1,TARGET(45.1%) / BEYOND YOGA(26.4%) / DICKS SPORTING GOODS(22.0%),301,97.0,Lockstitch,46.6,0.038,3,8,平車-細針距,B,抽褶_1.5倍
WOMEN,RTW,BOTTOM,PANTS,KNIT,LO,褲口,88,37,10,high,KOHLS,17.8,KOHLS(17.8%) / TARGET(16.7%) / ASICS-EU(14.4%),514,51.4,4-thread Overlock,27.8,0.057,5,10,手工-含做記號、翻修等工段,B,壓褲口
WOMEN,RTW,BOTTOM,PANTS,WOVEN,LB,商標,88,47,10,high,GU,25.0,GU(25.0%) / KOHLS(15.9%) / WAL-MART-CA(13.6%),301,100.0,Marking,48.0,0.024,1,5,平車-細針距,E,做記號
MEN,ACTIVE,BOTTOM,PANTS,KNIT,DC,繩類,88,80,8,high,KOHLS,33.0,KOHLS(33.0%) / OLD NAVY(27.8%) / UNDER ARMOUR(14.4%),301,100.0,Marking,34.5,0.061,1,4,手工-含做記號、翻修等工段,C,繩固定大身
WOMEN,RTW,BOTTOM,PANTS,KNIT,LB,商標,84,36,10,high,ASICS-EU,22.6,ASICS-EU(22.6%) / TARGET(19.0%) / WAL-MART-CA(13.1%),301,100.0,Marking,47.8,0.026,1,5,手工-含做記號、翻修等工段,E,做記號
BOY,ACTIVE,BOTTOM,PANTS,WOVEN,WB,腰頭,80,24,3,high,TARGET,48.9,TARGET(48.9%) / A & F(45.7%) / UNDER ARMOUR(5.4%),301,55.2,Lockstitch,35.0,0.065,5,8,手工-含做記號、翻修等工段,E,做上腰頭記號
MEN,ACTIVE,BOTTOM,PANTS,WOVEN,BP,襬叉,79,40,4,high,DICKS SPORTING GOODS,53.1,DICKS SPORTING GOODS(53.1%) / UNDER ARMOUR(39.5%) / KOHLS(4.9%),301,61.4,Lockstitch,36.2,0.12,3,6,平車-細針距,B,合叉上一段
MEN,ACTIVE,BOTTOM,SHORTS,WOVEN,PK,口袋,78,15,3,high,DISTANCE,45.1,DISTANCE(45.1%) / DICKS SPORTING GOODS(34.1%) / TARGET(20.7%),301,69.6,Lockstitch,33.2,0.075,6,11,平車-細針距,B,打結(四個)
WOMEN,ACTIVE,BOTTOM,PANTS,WOVEN,BP,襬叉,77,51,4,high,TARGET,72.7,TARGET(72.7%) / DICKS SPORTING GOODS(14.3%) / ATHLETA(11.7%),301,51.3,Bartack,32.6,0.068,4,8,平車-細針距,B,合叉上一段
WOMEN,RTW,BOTTOM,PANTS,WOVEN,FP,袋蓋,77,20,1,low,GU,100.0,GU(100.0%),301,78.7,Lockstitch,29.8,0.054,4,7,平車-細針距,B,燙袋蓋表襯
WOMEN,RTW,BOTTOM,PANTS,WOVEN,LI,裡布,76,23,5,high,GU,56.4,GU(56.4%) / KOHLS(28.2%) / WAL-MART-CA(10.3%),301,76.2,Marking,40.4,0.042,3,5,手工-含做記號、翻修等工段,E,表裡檔底抓車固定
BOY,ACTIVE,BOTTOM,PANTS,KNIT,WB,腰頭,75,26,5,high,A & F,71.4,A & F(71.4%) / GAP(16.3%) / UNDER ARMOUR(5.1%),301,46.9,Lockstitch,29.9,0.074,5,9,手工-含做記號、翻修等工段,E,做上腰頭記號
MEN,ACTIVE,BOTTOM,PANTS,WOVEN,DC,繩類,73,62,5,high,UNDER ARMOUR,45.9,UNDER ARMOUR(45.9%) / DICKS SPORTING GOODS(34.1%) / KOHLS(9.4%),301,100.0,Lockstitch,37.0,0.054,1,3,平車-細針距,C,繩固定大身
WOMEN,ACTIVE,BOTTOM,PANTS,KNIT,LI,裡布,71,50,6,high,DICKS SPORTING GOODS,43.7,DICKS SPORTING GOODS(43.7%) / TARGET(26.8%) / OLD NAVY(16.9%),301,78.0,Marking,43.8,0.049,4,6,手工-含做記號、翻修等工段,E,裁片四周固定
MEN,ACTIVE,BOTTOM,PANTS,WOVEN,BS,釦鎖,68,60,5,high,UNDER ARMOUR,45.6,UNDER ARMOUR(45.6%) / DICKS SPORTING GOODS(30.9%) / TARGET(10.3%),,,Buttonhole,66.0,0.031,0,3,燙工-手燙,C,燙襯
BOY,ACTIVE,BOTTOM,PANTS,WOVEN,LB,商標,66,24,3,high,A & F,50.0,A & F(50.0%) / TARGET(45.5%) / UNDER ARMOUR(4.5%),301,100.0,Marking,46.1,0.028,1,5,手工-含做記號、翻修等工段,E,做記號
BOY,SLEEPWEAR/RTW,BOTTOM,PANTS,KNIT,PS,褲合身,65,7,1,low,TARGET,100.0,TARGET(100.0%),514,81.8,4-thread Overlock,53.3,0.022,3,8,四線拷克,B,打結(一個)
BABY,ACTIVE,BOTTOM,PANTS,WOVEN,PS,褲合身,65,12,2,medium,TARGET,75.4,TARGET(75.4%) / A & F(24.6%),514,43.9,4-thread Overlock,33.3,0.032,4,6,手工-含做記號、翻修等工段,B,合內長
BOY,ACTIVE,BOTTOM,PANTS,KNIT,LB,商標,64,26,5,high,A & F,75.0,A & F(75.0%) / GAP(15.6%) / UNDER ARMOUR(3.1%),301,100.0,Marking,49.8,0.027,1,4,手工-含做記號、翻修等工段,E,做記號
BOY,ACTIVE,BOTTOM,PANTS,WOVEN,PK,口袋,63,12,2,medium,TARGET,87.7,TARGET(87.7%) / UNDER ARMOUR(12.3%),301,61.9,Lockstitch,31.2,0.057,4,9,平車-細針距,B,固定袋布
BABY,ACTIVE,BOTTOM,PANTS,KNIT,PS,褲合身,63,12,5,high,OLD NAVY,27.0,OLD NAVY(27.0%) / A & F(27.0%) / GAP(19.0%),514,88.8,4-thread Overlock,76.0,0.028,3,7,四線拷克,B,合內長
WOMEN,ACTIVE,BOTTOM,PANTS,WOVEN,BN,貼合,62,8,3,high,TARGET,66.1,TARGET(66.1%) / BEYOND YOGA(30.6%) / DICKS SPORTING GOODS(3.2%),301,100.0,Marking,65.9,0.095,1,6,手工-含做記號、翻修等工段,E,修頭尾
WOMEN,RTW,BOTTOM,PANTS,KNIT,SB,剪接線_下身類,60,18,5,high,ASICS-EU,40.0,ASICS-EU(40.0%) / WAL-MART-CA(40.0%) / KOHLS(10.0%),514,40.3,4-thread Overlock,29.1,0.073,5,9,手工-含做記號、翻修等工段,B,做記號
MEN,RTW,BOTTOM,PANTS,WOVEN,LB,商標,60,28,7,high,GU,25.0,GU(25.0%) / ZARA(23.3%) / WAL-MART-CA(20.0%),301,98.4,Marking,44.5,0.032,2,6,手工-含做記號、翻修等工段,E,做記號
BOY,RTW,BOTTOM,PANTS,WOVEN,PK,口袋,59,7,5,high,ZARA,40.0,ZARA(40.0%) / DICKS SPORTING GOODS(20.0%) / GU(15.0%),301,56.8,Lockstitch,24.9,0.052,5,10,平車-細針距,B,打結(四個)
WOMEN,ACTIVE,BOTTOM,PANTS,KNIT,BN,貼合,56,16,2,medium,BEYOND YOGA,53.6,BEYOND YOGA(53.6%) / ATHLETA(46.4%),301,100.0,Marking,50.0,0.077,1,5,手工-含做記號、翻修等工段,E,修頭尾
BOY,ACTIVE,BOTTOM,PANTS,WOVEN,OT,其它,55,12,2,low,A & F,86.4,A & F(86.4%) / UNDER ARMOUR(13.6%),301,90.6,Lockstitch,60.7,0.022,5,8,帶刀平車,C,腰頭游線
MEN,RTW,BOTTOM,PANTS,KNIT,PK,口袋,54,10,5,high,HIGH LIFE LLC,40.3,HIGH LIFE LLC(40.3%) / KOHLS(21.0%) / ASICS-EU(17.7%),301,61.7,Lockstitch,35.4,0.074,5,9,平車-細針距,E,固定袋布
BOY,ACTIVE,BOTTOM,PANTS,KNIT,LO,褲口,54,26,5,high,A & F,70.7,A & F(70.7%) / GAP(17.2%) / TARGET(6.9%),514,53.1,4-thread Overlock,28.1,0.063,5,10,手工-含做記號、翻修等工段,E,修褲口
MEN,RTW,BOTTOM,PANTS,WOVEN,LO,褲口,53,28,7,high,GU,39.6,GU(39.6%) / WAL-MART-CA(24.5%) / ZARA(13.2%),301,40.0,Marking,22.2,0.085,7,11,手工-含做記號、翻修等工段,B,壓褲口
MEN,ACTIVE,BOTTOM,PANTS,WOVEN,LI,裡布,53,27,4,high,DICKS SPORTING GOODS,60.4,DICKS SPORTING GOODS(60.4%) / TARGET(22.6%) / UNDER ARMOUR(13.2%),301,81.5,Marking,46.5,0.039,3,5,手工-含做記號、翻修等工段,E,短褲翻修(內裡短褲)
BOY,RTW,BOTTOM,PANTS,WOVEN,LO,褲口,53,35,6,high,GAP,75.4,GAP(75.4%) / ZARA(7.0%) / DICKS SPORTING GOODS(7.0%),301,49.4,Lockstitch,28.4,0.071,6,10,平車-細針距,B,壓褲口
GIRL,ACTIVE,BOTTOM,PANTS,KNIT,OT,其它,53,30,5,high,A & F,49.0,A & F(49.0%) / OLD NAVY(25.0%) / ATHLETA(21.0%),301,65.2,Marking,40.1,0.014,6,12,手工-含做記號、翻修等工段,E,其它
MEN,RTW,BOTTOM,PANTS,WOVEN,DC,繩類,52,28,7,high,GU,63.0,GU(63.0%) / WAL-MART-CA(11.1%) / ZARA(9.3%),301,100.0,Marking,42.2,0.084,1,4,手工-含做記號、翻修等工段,E,繩固定大身
GIRL,RTW,BOTTOM,PANTS,WOVEN,PS,褲合身,51,7,2,medium,GAP,58.8,GAP(58.8%) / GU(41.2%),516,54.7,5-thread Overlock,45.6,0.025,3,5,五線拷克,B,合外長
MEN,ACTIVE,BOTTOM,PANTS,WOVEN,BN,貼合,50,23,4,high,DICKS SPORTING GOODS,52.0,DICKS SPORTING GOODS(52.0%) / UNDER ARMOUR(38.0%) / KOHLS(6.0%),301,60.0,Marking,35.9,0.085,2,8,手工-含做記號、翻修等工段,D,熱轉印
BOY,RTW,BOTTOM,PANTS,KNIT,PK,口袋,49,11,5,high,OLD NAVY,32.7,OLD NAVY(32.7%) / ZARA(20.4%) / GAP(20.4%),301,52.5,Lockstitch,26.9,0.058,3,7,平車-細針距,B,做口袋記號
MEN,FLEECE,BOTTOM,PANTS,KNIT,PS,褲合身,48,5,2,medium,QUINCE,89.6,QUINCE(89.6%) / OLD NAVY(10.4%),514,64.6,4-thread Overlock,48.3,0.046,3,6,四線拷克,B,合內長
MEN,RTW,BOTTOM,PANTS,WOVEN,BS,釦鎖,47,28,7,high,GU,63.8,GU(63.8%) / ZARA(14.9%) / WAL-MART-CA(8.5%),,,Buttonhole,53.2,0.037,0,3,燙工-手燙,C,燙襯
WOMEN,FLEECE,BOTTOM,PANTS,KNIT,PK,口袋,46,8,1,low,OLD NAVY,100.0,OLD NAVY(100.0%),514,53.6,4-thread Overlock,27.9,0.047,3,7,平車-細針距,B,做口袋記號
BOY,RTW,BOTTOM,PANTS,KNIT,LB,商標,46,20,5,high,GAP,56.5,GAP(56.5%) / OLD NAVY(17.4%) / ZARA(13.0%),301,100.0,Marking,50.3,0.025,1,4,平車-細針距,E,做記號
BABY,ACTIVE,BOTTOM,PANTS,KNIT,PK,口袋,46,7,4,high,GAP,34.8,GAP(34.8%) / OLD NAVY(26.1%) / TARGET(21.7%),301,55.3,Lockstitch,28.0,0.047,2,6,平車-細針距,B,固定袋布
WOMEN,RTW,BOTTOM,PANTS,WOVEN,PD,褶,45,26,5,high,GU,68.9,GU(68.9%) / TARGET(17.8%) / KOHLS(6.7%),301,66.7,Lockstitch,44.2,0.064,3,6,平車-細針距,B,做記號
BOY,RTW,BOTTOM,PANTS,KNIT,LO,褲口,45,20,5,high,GAP,54.3,GAP(54.3%) / OLD NAVY(19.6%) / GAP OUTLET(13.0%),406,56.1,Coverstitch,27.7,0.056,4,8,手工-含做記號、翻修等工段,E,修褲口
BOY,ACTIVE,BOTTOM,PANTS,KNIT,PK,口袋,44,6,4,high,GAP,54.0,GAP(54.0%) / TARGET(18.0%) / OLD NAVY(16.0%),301,54.3,Lockstitch,29.8,0.049,4,9,平車-細針距,B,拷袋布
MEN,ACTIVE,BOTTOM,SHORTS,WOVEN,LB,商標,43,15,3,high,DISTANCE,58.1,DISTANCE(58.1%) / DICKS SPORTING GOODS(25.6%) / TARGET(16.3%),301,100.0,Marking,38.2,0.031,1,5,手工-含做記號、翻修等工段,E,做記號
BOY,RTW,BOTTOM,PANTS,KNIT,WB,腰頭,43,20,5,high,GAP,56.0,GAP(56.0%) / GAP OUTLET(16.0%) / ZARA(10.0%),514,42.5,Marking,31.1,0.077,5,8,手工-含做記號、翻修等工段,E,剪+量鬆緊帶
GIRL,ACTIVE,BOTTOM,PANTS,WOVEN,SB,剪接線_下身類,42,18,1,low,TARGET,100.0,TARGET(100.0%),514,47.6,4-thread Overlock,44.9,0.033,6,9,五線拷克,B,合直向剪接
MEN,ACTIVE,BOTTOM,PANTS,KNIT,BN,貼合,41,14,3,high,OLD NAVY,58.5,OLD NAVY(58.5%) / KOHLS(34.1%) / S1 DEVELOPING(7.3%),301,100.0,Pressing,41.9,0.097,1,4,手工-含做記號、翻修等工段,D,貼拉鍊框OT膠(含撕背膠/小燙)
MEN,FLEECE,BOTTOM,PANTS,KNIT,PK,口袋,41,5,2,medium,QUINCE,68.3,QUINCE(68.3%) / OLD NAVY(31.7%),301,53.1,Lockstitch,31.7,0.097,3,6,平車-細針距,B,做口袋記號
MEN,ACTIVE,BOTTOM,SHORTS,WOVEN,WB,腰頭,40,15,3,high,DISTANCE,62.8,DISTANCE(62.8%) / DICKS SPORTING GOODS(20.9%) / TARGET(16.3%),301,65.9,Marking,37.2,0.113,6,9,手工-含做記號、翻修等工段,E,做上腰頭記號
MEN,ACTIVE,BOTTOM,SHORTS,WOVEN,LO,褲口,40,15,3,high,DISTANCE,59.1,DISTANCE(59.1%) / DICKS SPORTING GOODS(29.5%) / TARGET(11.4%),514,39.6,Pressing,28.7,0.055,5,10,燙工-手燙,C,燙折褲口一道
BOY,ACTIVE,BOTTOM,PANTS,WOVEN,LO,褲口,39,24,3,high,TARGET,58.5,TARGET(58.5%) / A & F(34.1%) / UNDER ARMOUR(7.3%),301,43.5,Marking,24.1,0.085,5,9,手工-含做記號、翻修等工段,B,壓褲口
WOMEN,RTW,BOTTOM,PANTS,WOVEN,BS,釦鎖,39,35,7,high,GU,61.5,GU(61.5%) / TARGET(10.3%) / WAL-MART-CA(10.3%),,,Buttonhole,60.3,0.024,0,4,燙工-手燙,C,燙襯
MEN,RTW,BOTTOM,PANTS,WOVEN,LI,裡布,39,16,5,high,GU,38.5,GU(38.5%) / ZARA(25.6%) / WAL-MART-CA(20.5%),301,69.6,Marking,54.3,0.046,2,5,手工-含做記號、翻修等工段,E,做記號
BOY,RTW,BOTTOM,PANTS,KNIT,OT,其它,39,16,3,high,GAP,61.7,GAP(61.7%) / OLD NAVY(36.7%) / GAP OUTLET(1.7%),301,87.5,Marking,59.5,0.055,2,6,手工-含做記號、翻修等工段,E,其它
MEN,ACTIVE,BOTTOM,PANTS,WOVEN,FY,前立,38,30,4,high,DICKS SPORTING GOODS,36.8,DICKS SPORTING GOODS(36.8%) / TARGET(34.2%) / UNDER ARMOUR(15.8%),301,51.8,Lockstitch,34.3,0.07,4,7,平車-細針距,B,打結*1
MEN,ACTIVE,BOTTOM,PANTS,WOVEN,ZP,拉鍊,38,22,4,high,UNDER ARMOUR,75.0,UNDER ARMOUR(75.0%) / DICKS SPORTING GOODS(20.8%) / KOHLS(2.1%),301,66.7,Lockstitch,38.3,0.101,4,8,平車-細針距,B,拉鍊燙拔(兩條)
MEN,ACTIVE,BOTTOM,PANTS,WOVEN,PD,褶,38,27,4,high,UNDER ARMOUR,46.2,UNDER ARMOUR(46.2%) / DICKS SPORTING GOODS(30.8%) / TARGET(17.9%),301,92.3,Lockstitch,40.6,0.053,4,6,平車-細針距,B,做記號
GIRL,ACTIVE,BOTTOM,PANTS,WOVEN,OT,其它,38,10,3,medium,A & F,50.9,A & F(50.9%) / TARGET(30.2%) / DICKS SPORTING GOODS(18.9%),514,31.0,4-thread Overlock,21.7,0.02,8,10,手工-含做記號、翻修等工段,C,腰頭游線
MEN,UNKNOWN,BOTTOM,PANTS,KNIT,OT,其它,38,3,2,medium,XBODY HUNGARY KFT,71.8,XBODY HUNGARY KFT(71.8%) / V5 DEVELOPING(28.2%),301,100.0,Marking,46.3,0.167,1,6,手工-含做記號、翻修等工段,E,其它
BABY,ACTIVE,BOTTOM,PANTS,WOVEN,WB,腰頭,38,12,2,medium,TARGET,80.5,TARGET(80.5%) / A & F(19.5%),301,57.7,Lockstitch,33.8,0.056,5,9,手工-含做記號、翻修等工段,E,做上腰頭記號
WOMEN,FLEECE,BOTTOM,PANTS,KNIT,PS,褲合身,37,8,1,low,OLD NAVY,100.0,OLD NAVY(100.0%),514,96.6,4-thread Overlock,73.7,0.042,2,3,四線拷克,B,打結(一個)
GIRL,ACTIVE,BOTTOM,PANTS,WOVEN,DC,繩類,37,34,1,low,TARGET,100.0,TARGET(100.0%),301,100.0,Marking,40.6,0.094,1,3,手工-含做記號、翻修等工段,E,繩固定大身
WOMEN,SLEEPWEAR,BOTTOM,PANTS,KNIT,PS,褲合身,37,8,1,low,KOHLS,100.0,KOHLS(100.0%),514,53.9,4-thread Overlock,45.7,0.059,3,4,四線拷克,B,合前後襠
GIRL,ACTIVE,BOTTOM,PANTS,KNIT,SB,剪接線_下身類,36,14,4,high,OLD NAVY,45.9,OLD NAVY(45.9%) / KOHLS(37.8%) / ATHLETA(10.8%),514,54.4,4-thread Overlock,43.6,0.05,5,8,四線拷克,B,合橫向剪接
BOY,ACTIVE,BOTTOM,PANTS,WOVEN,SB,剪接線_下身類,35,11,1,low,TARGET,100.0,TARGET(100.0%),514,36.0,Marking,27.5,0.033,5,8,手工-含做記號、翻修等工段,B,做記號
GIRL,ACTIVE,BOTTOM,SHORTS,WOVEN,PS,褲合身,35,7,1,low,TARGET,100.0,TARGET(100.0%),607,37.5,Flatlock,32.3,0.024,5,7,拼縫車-四針六線,B,合內長
BABY,ACTIVE,BOTTOM,PANTS,KNIT,WB,腰頭,35,12,5,high,A & F,32.5,A & F(32.5%) / GAP OUTLET(25.0%) / GAP(20.0%),301,43.9,Marking,26.9,0.061,4,8,手工-含做記號、翻修等工段,E,做鬆緊帶記號
MEN,RTW,BOTTOM,PANTS,KNIT,SB,剪接線_下身類,34,8,4,high,HIGH LIFE LLC,52.9,HIGH LIFE LLC(52.9%) / ASICS-EU(26.5%) / WAL-MART-CA(17.6%),514,49.0,Marking,32.0,0.046,5,8,手工-含做記號、翻修等工段,B,做記號
BOY,ACTIVE,BOTTOM,PANTS,KNIT,OT,其它,34,23,5,high,A & F,71.4,A & F(71.4%) / UNDER ARMOUR(11.7%) / TARGET(7.8%),301,58.5,Marking,35.4,0.021,4,8,手工-含做記號、翻修等工段,E,其它
WOMEN,ACTIVE,BOTTOM,PANTS,KNIT,BP,襬叉,34,16,7,high,ATHLETA,38.2,ATHLETA(38.2%) / GAP OUTLET(26.5%) / OLD NAVY(14.7%),301,47.5,Lockstitch,29.9,0.082,4,8,平車-細針距,B,合叉上一段
WOMEN,RTW,BOTTOM,PANTS,WOVEN,DC,繩類,34,30,6,high,GU,61.8,GU(61.8%) / OLD NAVY(14.7%) / WAL-MART-CA(11.8%),301,100.0,Marking,44.7,0.084,1,5,手工-含做記號、翻修等工段,C,繩固定大身
BOY,ACTIVE,BOTTOM,PANTS,WOVEN,DC,繩類,33,20,3,high,A & F,61.5,A & F(61.5%) / TARGET(30.8%) / UNDER ARMOUR(7.7%),301,100.0,Lockstitch,37.8,0.07,1,4,平車-細針距,E,繩固定大身
MEN,ACTIVE,BOTTOM,PANTS,KNIT,FY,前立,33,33,5,high,KOHLS,45.5,KOHLS(45.5%) / OLD NAVY(30.3%) / DICKS SPORTING GOODS(12.1%),301,52.5,Lockstitch,34.0,0.063,6,9,平車-細針距,B,打結*1
WOMEN,RTW,BOTTOM,PANTS,KNIT,PD,褶,32,22,7,high,WAL-MART-CA,25.0,WAL-MART-CA(25.0%) / ASICS-EU(21.9%) / DICKS SPORTING GOODS(18.8%),301,76.9,Lockstitch,35.7,0.049,3,6,平車-細針距,B,做記號
WOMEN,ACTIVE,BOTTOM,PANTS,KNIT,SA,剪接線_上身類,32,12,3,high,DICKS SPORTING GOODS,87.5,DICKS SPORTING GOODS(87.5%) / GAP(6.2%) / OLD NAVY(6.2%),406,87.2,Coverstitch,43.0,0.044,3,6,筒型三本車-三針五線,B,壓直向剪接明線
BABY,ACTIVE,BOTTOM,PANTS,WOVEN,OT,其它,32,6,2,medium,A & F,85.4,A & F(85.4%) / TARGET(14.6%),301,72.9,Lockstitch,36.2,0.019,4,7,手工-含做記號、翻修等工段,C,其它
MEN,RTW,BOTTOM,PANTS,KNIT,WB,腰頭,31,10,5,high,HIGH LIFE LLC,36.1,HIGH LIFE LLC(36.1%) / ASICS-EU(22.2%) / WAL-MART-CA(22.2%),301,58.6,Lockstitch,36.0,0.074,6,8,手工-含做記號、翻修等工段,E,做鬆緊帶記號
MEN,RTW,BOTTOM,PANTS,KNIT,LO,褲口,31,10,5,high,HIGH LIFE LLC,39.4,HIGH LIFE LLC(39.4%) / WAL-MART-CA(24.2%) / ASICS-EU(21.2%),514,36.1,Marking,23.7,0.064,5,9,手工-含做記號、翻修等工段,E,修褲口
GIRL,ACTIVE,BOTTOM,PANTS,WOVEN,BS,釦鎖,31,31,1,low,TARGET,100.0,TARGET(100.0%),,,Buttonhole,75.8,0.021,0,3,鎖眼車-一般,C,燙襯
WOMEN,FLEECE,BOTTOM,PANTS,KNIT,WB,腰頭,29,8,1,low,OLD NAVY,100.0,OLD NAVY(100.0%),301,51.3,Lockstitch,29.5,0.063,3,5,手工-含做記號、翻修等工段,E,做鬆緊帶記號
GIRL,RTW,BOTTOM,PANTS,KNIT,PS,褲合身,29,6,1,low,GAP,100.0,GAP(100.0%),514,100.0,4-thread Overlock,79.3,0.031,1,2,四線拷克,B,合後襠
WOMEN,ACTIVE,BOTTOM,PANTS,WOVEN,FY,前立,28,26,3,medium,ATHLETA,64.3,ATHLETA(64.3%) / BEYOND YOGA(32.1%) / UNDER ARMOUR(3.6%),301,53.2,Lockstitch,31.4,0.083,4,7,平車-細針距,B,壓前立J型
MEN,RTW,BOTTOM,PANTS,KNIT,LB,商標,27,10,5,medium,WAL-MART-CA,29.6,WAL-MART-CA(29.6%) / HIGH LIFE LLC(29.6%) / ASICS-EU(25.9%),301,100.0,Marking,47.1,0.027,1,5,手工-含做記號、翻修等工段,E,做記號
MEN,RTW,BOTTOM,PANTS,WOVEN,SB,剪接線_下身類,27,11,6,medium,WAL-MART-CA,51.6,WAL-MART-CA(51.6%) / UNDER ARMOUR(16.1%) / ZARA(9.7%),301,37.3,Lockstitch,29.1,0.035,4,6,平車-細針距,B,合後幅司弧型剪接
MEN,ACTIVE,BOTTOM,PANTS,KNIT,LI,裡布,27,11,3,medium,S1 DEVELOPING,48.1,S1 DEVELOPING(48.1%) / DICKS SPORTING GOODS(33.3%) / OLD NAVY(18.5%),301,73.9,Lockstitch,38.6,0.049,2,4,平車-粗針距,C,裁片四周固定
WOMEN,SLEEPWEAR,BOTTOM,PANTS,KNIT,WB,腰頭,27,8,1,low,KOHLS,100.0,KOHLS(100.0%),514,49.1,Marking,31.9,0.062,4,7,手工-含做記號、翻修等工段,E,做鬆緊帶記號
BABY,ACTIVE,BOTTOM,PANTS,WOVEN,LB,商標,27,12,2,medium,TARGET,70.4,TARGET(70.4%) / A & F(29.6%),301,100.0,Marking,45.3,0.024,1,4,手工-含做記號、翻修等工段,E,做記號
BOY,ACTIVE,BOTTOM,PANTS,WOVEN,BS,釦鎖,26,20,3,medium,A & F,50.0,A & F(50.0%) / TARGET(46.2%) / UNDER ARMOUR(3.8%),,,Buttonhole,77.7,0.019,0,2,鎖眼車-一般,C,燙襯
MEN,ACTIVE,BOTTOM,PANTS,WOVEN,OT,其它,26,16,4,medium,DICKS SPORTING GOODS,70.2,DICKS SPORTING GOODS(70.2%) / UNDER ARMOUR(24.7%) / TARGET(3.0%),301,64.5,Lockstitch,44.4,0.062,8,13,手工-含做記號、翻修等工段,E,(NEW)後幅斯剪接條修片
MEN,RTW,BOTTOM,PANTS,WOVEN,FP,袋蓋,26,10,2,medium,GU,84.6,GU(84.6%) / ZARA(15.4%),301,96.2,Lockstitch,53.8,0.072,3,7,平車-細針距,B,反縫袋蓋暗線(一片式)
BABY,ACTIVE,BOTTOM,PANTS,KNIT,LO,褲口,26,12,5,medium,A & F,39.3,A & F(39.3%) / OLD NAVY(17.9%) / GAP OUTLET(14.3%),514,49.0,4-thread Overlock,28.2,0.054,4,8,手工-含做記號、翻修等工段,E,壓褲口
GIRL,ACTIVE,BOTTOM,PANTS,KNIT,DC,繩類,25,20,5,medium,ATHLETA,60.0,ATHLETA(60.0%) / KOHLS(24.0%) / DICKS SPORTING GOODS(8.0%),301,100.0,Marking,41.6,0.053,1,4,手工-含做記號、翻修等工段,E,繩固定大身
GIRL,RTW,BOTTOM,PANTS,WOVEN,WB,腰頭,25,7,2,medium,GAP,60.0,GAP(60.0%) / GU(40.0%),301,59.2,Lockstitch,33.7,0.064,3,6,手工-含做記號、翻修等工段,E,做鬆緊帶記號
GIRL,ACTIVE,BOTTOM,SHORTS,WOVEN,WB,腰頭,25,7,1,low,TARGET,100.0,TARGET(100.0%),301,64.5,Lockstitch,36.1,0.051,4,7,手工-含做記號、翻修等工段,E,做鬆緊帶記號
MEN,UNKNOWN,BOTTOM,PANTS,KNIT,PS,褲合身,25,3,2,medium,XBODY HUNGARY KFT,64.0,XBODY HUNGARY KFT(64.0%) / V5 DEVELOPING(36.0%),514,76.9,4-thread Overlock,69.0,0.039,2,5,四線拷克,B,合前襠
BABY,ACTIVE,BOTTOM,PANTS,WOVEN,LO,褲口,25,12,2,medium,TARGET,84.0,TARGET(84.0%) / A & F(16.0%),514,38.1,4-thread Overlock,27.8,0.168,5,9,平車-細針距,B,壓褲口
WOMEN,ACTIVE,BOTTOM,PANTS,KNIT,QT,行縫(固定棉),25,9,2,medium,OLD NAVY,96.0,OLD NAVY(96.0%) / TARGET(4.0%),301,96.0,Lockstitch,92.3,0.095,2,3,平車-粗針距,C,裁片四周固定
WOMEN,SLEEPWEAR,BOTTOM,PANTS,KNIT,PK,口袋,24,6,1,low,KOHLS,100.0,KOHLS(100.0%),301,57.1,Lockstitch,25.0,0.062,3,7,手工-含做記號、翻修等工段,B,做口袋記號
BABY,ACTIVE,BOTTOM,PANTS,KNIT,LB,商標,24,12,5,medium,A & F,41.7,A & F(41.7%) / OLD NAVY(16.7%) / GAP OUTLET(16.7%),301,100.0,Marking,48.7,0.027,1,4,手工-含做記號、翻修等工段,E,做記號
WOMEN,RTW,BOTTOM,PANTS,KNIT,OT,其它,23,11,7,medium,TARGET,59.2,TARGET(59.2%) / ASICS-EU(12.2%) / BANANA REPUBLIC(8.2%),301,39.1,Marking,45.5,0.006,3,6,手工-含做記號、翻修等工段,E,鎖占比
MEN,RTW,BOTTOM,PANTS,WOVEN,FY,前立,23,16,4,medium,GU,65.2,GU(65.2%) / ZARA(21.7%) / WAL-MART(8.7%),301,67.1,Lockstitch,56.0,0.103,4,7,平車-細針距,C,壓前立J型
BOY,ACTIVE,BOTTOM,PANTS,KNIT,DC,繩類,23,16,5,medium,A & F,81.2,A & F(81.2%) / GAP(9.4%) / UNDER ARMOUR(3.1%),301,96.1,Lockstitch,39.8,0.062,2,4,平車-細針距,C,繩固定大身
MEN,ACTIVE,BOTTOM,SHORTS,WOVEN,SB,剪接線_下身類,22,11,3,medium,DISTANCE,52.2,DISTANCE(52.2%) / DICKS SPORTING GOODS(30.4%) / TARGET(17.4%),301,37.8,Marking,57.4,0.051,5,6,手工-含做記號、翻修等工段,B,大身做壓線記號
WOMEN,RTW,BOTTOM,PANTS,KNIT,BS,釦鎖,22,18,5,medium,TARGET,36.4,TARGET(36.4%) / WAL-MART-CA(22.7%) / ASICS-EU(18.2%),,,Buttonhole,52.0,0.022,0,5,鎖眼車-一般,C,燙襯
MEN,RTW,BOTTOM,PANTS,WOVEN,LP,帶絆,22,16,5,medium,GU,54.5,GU(54.5%) / ZARA(27.3%) / WAL-MART-CA(9.1%),301,90.6,Lockstitch,42.5,0.095,5,9,平車-細針距,E,做大身記號
WOMEN,FLEECE,BOTTOM,PANTS,KNIT,LO,褲口,22,8,1,low,OLD NAVY,100.0,OLD NAVY(100.0%),406,42.9,Marking,35.2,0.066,3,6,手工-含做記號、翻修等工段,E,修褲口
GIRL,ACTIVE,BOTTOM,PANTS,WOVEN,PD,褶,22,13,2,medium,TARGET,68.2,TARGET(68.2%) / DICKS SPORTING GOODS(31.8%),301,100.0,Lockstitch,65.6,0.035,1,2,平車-細針距,B,抽褶_2倍
WOMEN,SLEEPWEAR,BOTTOM,PANTS,KNIT,LO,褲口,22,8,1,low,KOHLS,100.0,KOHLS(100.0%),514,55.0,4-thread Overlock,36.7,0.065,4,8,平車-細針距,C,拷褲口
GIRL,RTW,BOTTOM,PANTS,WOVEN,OT,其它,22,6,2,medium,GAP,81.8,GAP(81.8%) / GU(18.2%),301,100.0,Marking,44.8,0.028,1,4,手工-含做記號、翻修等工段,C,褲口游線
MEN,RTW,BOTTOM,PANTS,WOVEN,BN,貼合,21,6,4,medium,ZARA,52.4,ZARA(52.4%) / WAL-MART-CA(28.6%) / UNDER ARMOUR(9.5%),,,Marking,36.2,0.109,0,5,大型熱轉印機(大於或等於30cmX90cm),D,熱轉印
WOMEN,RTW,BOTTOM,PANTS,WOVEN,LP,帶絆,21,21,3,medium,GU,85.7,GU(85.7%) / DICKS SPORTING GOODS(9.5%) / NET(4.8%),301,100.0,Marking,65.6,0.017,1,2,手工-含做記號、翻修等工段,E,剪+量
MEN,ACTIVE,BOTTOM,PANTS,KNIT,BP,襬叉,21,10,4,medium,GAP,42.9,GAP(42.9%) / S1 DEVELOPING(28.6%) / OLD NAVY(19.0%),301,61.4,Lockstitch,30.2,0.126,3,7,平車-細針距,E,做大身記號
GIRL,ACTIVE,BOTTOM,PANTS,WOVEN,BP,襬叉,21,9,1,low,TARGET,100.0,TARGET(100.0%),301,42.9,Lockstitch,25.9,0.041,4,7,平車-細針距,B,拷叉縫(兩邊)
BOY,RTW,BOTTOM,PANTS,WOVEN,FY,前立,21,21,3,medium,GAP,85.7,GAP(85.7%) / ZARA(9.5%) / TARGET(4.8%),301,41.4,Lockstitch,28.7,0.057,4,7,平車-細針距,B,壓前立J型
BABY,ACTIVE,BOTTOM,SHORTS,WOVEN,PS,褲合身,21,5,1,low,TARGET,100.0,TARGET(100.0%),514,57.1,4-thread Overlock,54.1,0.023,2,3,四線拷克,B,合內長
GIRL,RTW,BOTTOM,PANTS,KNIT,PK,口袋,21,4,1,low,GAP,100.0,GAP(100.0%),301,54.1,Lockstitch,26.6,0.051,2,7,平車-細針距,B,固定袋布
BOY,ACTIVE,BOTTOM,PANTS,WOVEN,LI,裡布,20,10,2,medium,TARGET,90.0,TARGET(90.0%) / UNDER ARMOUR(10.0%),301,70.0,Marking,60.0,0.049,2,4,手工-含做記號、翻修等工段,E,做記號
GIRL,ACTIVE,BOTTOM,SHORTS,WOVEN,LB,商標,20,7,1,low,TARGET,100.0,TARGET(100.0%),301,100.0,Marking,49.3,0.022,1,4,手工-含做記號、翻修等工段,E,壓熱轉印
MEN,FLEECE,BOTTOM,PANTS,KNIT,WB,腰頭,20,5,2,medium,QUINCE,80.0,QUINCE(80.0%) / OLD NAVY(20.0%),301,53.2,Lockstitch,29.4,0.097,3,5,手工-含做記號、翻修等工段,E,剪+量鬆緊帶_1條
BOY,ACTIVE,BOTTOM,PANTS,KNIT,BS,釦鎖,20,16,5,medium,A & F,70.0,A & F(70.0%) / GAP(15.0%) / UNDER ARMOUR(5.0%),,,Buttonhole,76.0,0.021,0,3,鎖眼車-一般,C,燙襯
BOY,RTW,BOTTOM,SHORTS,WOVEN,PK,口袋,20,2,1,low,TARGET,100.0,TARGET(100.0%),301,79.2,Lockstitch,29.7,0.062,3,7,平車-細針距,B,打結(四個)
BABY,ACTIVE,BOTTOM,SHORTS,WOVEN,WB,腰頭,20,5,1,low,TARGET,100.0,TARGET(100.0%),301,71.1,Lockstitch,40.3,0.052,4,6,平車-細針距,E,剪+量鬆緊帶_1條
WOMEN,ACTIVE,BOTTOM,PANTS,WOVEN,BM,下襬,19,9,3,medium,DICKS SPORTING GOODS,58.6,DICKS SPORTING GOODS(58.6%) / TARGET(37.9%) / KOHLS(3.4%),301,50.0,Lockstitch,38.8,0.232,8,11,平車-細針距,B,做前片記號
WOMEN,RTW,BOTTOM,PANTS,KNIT,DC,繩類,19,17,5,medium,TARGET,31.6,TARGET(31.6%) / WAL-MART-CA(31.6%) / ASICS-EU(21.1%),301,97.1,Marking,35.4,0.066,2,5,手工-含做記號、翻修等工段,E,繩固定大身
GIRL,ACTIVE,BOTTOM,PANTS,KNIT,BS,釦鎖,19,17,6,medium,ATHLETA,42.1,ATHLETA(42.1%) / KOHLS(26.3%) / A & F(10.5%),,,Buttonhole,54.9,0.028,0,5,燙工-手燙,C,燙襯
WOMEN,ACTIVE,BOTTOM,PANTS,WOVEN,LP,帶絆,19,19,2,medium,DICKS SPORTING GOODS,94.7,DICKS SPORTING GOODS(94.7%) / TARGET(5.3%),301,100.0,Marking,62.7,0.02,1,2,手工-含做記號、翻修等工段,E,剪+量
BOY,ACTIVE,BOTTOM,PANTS,WOVEN,BP,襬叉,18,10,2,medium,TARGET,88.9,TARGET(88.9%) / UNDER ARMOUR(11.1%),301,43.8,Bartack,37.5,0.035,3,5,平車-細針距,B,記號
MEN,RTW,BOTTOM,PANTS,WOVEN,OT,其它,18,10,3,medium,GU,53.3,GU(53.3%) / DICKS SPORTING GOODS(43.3%) / ZARA(3.3%),301,86.2,Marking,46.5,0.028,5,9,手工-含做記號、翻修等工段,E,剪+量魔鬼氈(方角)
MEN,ACTIVE,BOTTOM,SHORTS,WOVEN,BS,釦鎖,17,12,3,medium,DISTANCE,76.5,DISTANCE(76.5%) / TARGET(11.8%) / DICKS SPORTING GOODS(11.8%),,,Buttonhole,63.1,0.024,0,4,鎖眼車-一般,C,鬆緊帶鎖眼(含記號)
WOMEN,RTW,BOTTOM,PANTS,WOVEN,BP,襬叉,17,9,4,medium,WAL-MART-CA,47.1,WAL-MART-CA(47.1%) / GAP(35.3%) / NET(11.8%),514,43.8,Bartack,33.3,0.039,3,5,平車-細針距,B,記號
GIRL,ACTIVE,BOTTOM,PANTS,KNIT,PD,褶,17,8,4,medium,ATHLETA,58.8,ATHLETA(58.8%) / TARGET(29.4%) / KOHLS(5.9%),301,80.6,Lockstitch,39.7,0.055,3,6,平車-細針距,B,燙褶
MEN,ACTIVE,BOTTOM,PANTS,KNIT,ZP,拉鍊,17,15,5,medium,KOHLS,47.4,KOHLS(47.4%) / S1 DEVELOPING(15.8%) / UNDER ARMOUR(15.8%),301,100.0,Pressing,78.0,0.017,1,4,燙工-手燙,D,拉鍊燙拔(兩條)
WOMEN,RTW,BOTTOM,PANTS,WOVEN,SB,剪接線_下身類,17,8,4,medium,WAL-MART-CA,47.1,WAL-MART-CA(47.1%) / DICKS SPORTING GOODS(35.3%) / GU(11.8%),514,55.6,4-thread Overlock,48.4,0.046,4,5,四線拷克,B,合直向剪接
GIRL,ACTIVE,BOTTOM,PANTS,WOVEN,ST,肩帶,17,7,1,low,TARGET,100.0,TARGET(100.0%),301,42.1,Marking,32.3,0.029,3,5,手工-含做記號、翻修等工段,E,滾肩帶
GIRL,RTW,BOTTOM,PANTS,KNIT,WB,腰頭,17,6,1,low,GAP,100.0,GAP(100.0%),514,46.2,Marking,31.0,0.049,4,5,手工-含做記號、翻修等工段,E,拉開鬆緊帶
GIRL,RTW,BOTTOM,PANTS,KNIT,LO,褲口,17,6,1,low,GAP,100.0,GAP(100.0%),514,39.1,4-thread Overlock,22.0,0.041,3,6,平車-細針距,C,修褲口
GIRL,RTW,BOTTOM,PANTS,KNIT,OT,其它,17,6,1,low,GAP,100.0,GAP(100.0%),301,100.0,Marking,81.0,0.028,1,2,手工-含做記號、翻修等工段,-,其它
MEN,ACTIVE,BOTTOM,SHORTS,WOVEN,LI,裡布,16,8,3,medium,DISTANCE,50.0,DISTANCE(50.0%) / DICKS SPORTING GOODS(37.5%) / TARGET(12.5%),301,62.5,Marking,42.9,0.037,2,4,手工-含做記號、翻修等工段,E,短褲翻修(內裡短褲)
WOMEN,ACTIVE,BOTTOM,SHORTS,WOVEN,PS,褲合身,16,2,1,low,TARGET,100.0,TARGET(100.0%),514,55.9,4-thread Overlock,39.6,0.034,4,7,四線拷克,B,拷後外長單裁片縫份
WOMEN,FLEECE,BOTTOM,PANTS,KNIT,LB,商標,16,8,1,low,OLD NAVY,100.0,OLD NAVY(100.0%),301,100.0,Marking,55.4,0.018,1,4,平車-細針距,C,做記號
WOMEN,ACTIVE,BOTTOM,PANTS,WOVEN,ZP,拉鍊,16,16,5,medium,TARGET,50.0,TARGET(50.0%) / KOHLS(22.2%) / DICKS SPORTING GOODS(16.7%),301,100.0,Pressing,55.6,0.02,1,5,燙工-手燙,D,拉鍊燙拔(一條)
WOMEN,SLEEPWEAR,BOTTOM,PANTS,KNIT,LB,商標,16,8,1,low,KOHLS,100.0,KOHLS(100.0%),301,100.0,Marking,55.2,0.019,1,2,平車-細針距,C,做記號
BOY,RTW,BOTTOM,SHORTS,WOVEN,PS,褲合身,16,2,1,low,TARGET,100.0,TARGET(100.0%),514,42.9,4-thread Overlock,26.1,0.019,3,6,雙針車-一般,B,壓前襠明線
GIRL,ACTIVE,BOTTOM,PANTS,KNIT,LI,裡布,16,6,2,medium,TARGET,87.5,TARGET(87.5%) / DICKS SPORTING GOODS(12.5%),301,90.9,Marking,47.1,0.038,2,4,手工-含做記號、翻修等工段,E,腰頭固雙
BABY,ACTIVE,BOTTOM,PANTS,WOVEN,LI,裡布,16,8,1,low,TARGET,100.0,TARGET(100.0%),401,87.5,Marking,60.0,0.049,2,4,手工-含做記號、翻修等工段,E,做記號
GIRL,RTW,BOTTOM,PANTS,WOVEN,LO,褲口,15,7,2,medium,GAP,66.7,GAP(66.7%) / GU(33.3%),301,59.1,Lockstitch,36.1,0.058,4,7,平車-細針距,C,修褲口
GIRL,RTW,BOTTOM,PANTS,WOVEN,LB,商標,15,7,2,medium,GAP,86.7,GAP(86.7%) / GU(13.3%),301,100.0,Marking,51.9,0.024,1,4,平車-細針距,C,做記號
GIRL,ACTIVE,BOTTOM,SHORTS,WOVEN,LO,褲口,15,7,1,low,TARGET,100.0,TARGET(100.0%),514,40.9,4-thread Overlock,32.2,0.148,6,8,平車-細針距,B,壓褲口
GIRL,ACTIVE,BOTTOM,SHORTS,WOVEN,LI,裡布,15,7,1,low,TARGET,100.0,TARGET(100.0%),301,100.0,Marking,54.3,0.04,1,3,手工-含做記號、翻修等工段,E,短褲翻修(內裡短褲)
BOY,SLEEPWEAR/RTW,BOTTOM,PANTS,KNIT,WB,腰頭,15,7,1,low,TARGET,100.0,TARGET(100.0%),514,57.6,Marking,33.3,0.065,3,6,手工-含做記號、翻修等工段,E,做鬆緊帶記號
MEN,ACTIVE,BOTTOM,SHORTS,WOVEN,DC,繩類,14,14,3,medium,DISTANCE,62.5,DISTANCE(62.5%) / DICKS SPORTING GOODS(25.0%) / TARGET(12.5%),301,100.0,Marking,43.5,0.049,1,3,手工-含做記號、翻修等工段,E,穿扁繩(隧道寬>繩子寬)
MEN,ACTIVE,BOTTOM,PANTS,WOVEN,LP,帶絆,14,13,3,medium,TARGET,50.0,TARGET(50.0%) / UNDER ARMOUR(35.7%) / KOHLS(14.3%),301,100.0,Marking,59.5,0.024,1,3,手工-含做記號、翻修等工段,E,剪+量
WOMEN,ACTIVE,BOTTOM,SHORTS,WOVEN,PK,口袋,14,2,1,low,TARGET,100.0,TARGET(100.0%),301,58.8,Lockstitch,37.0,0.041,3,6,平車-細針距,B,拷袋布
MEN,ACTIVE,BOTTOM,PANTS,KNIT,PD,褶,14,10,2,medium,KOHLS,71.4,KOHLS(71.4%) / GAP(28.6%),301,100.0,Lockstitch,44.4,0.035,1,3,平車-細針距,B,燙褶
WOMEN,ACTIVE,BOTTOM,PANTS,WOVEN,DP,裝飾片,14,14,3,low,DICKS SPORTING GOODS,73.7,DICKS SPORTING GOODS(73.7%) / ATHLETA(21.1%) / TARGET(5.3%),301,97.6,Pressing,40.8,0.099,2,5,燙工-手燙,E,三角片固雙
WOMEN,ACTIVE,BOTTOM,PANTS,WOVEN,SA,剪接線_上身類,14,8,4,medium,ATHLETA,71.4,ATHLETA(71.4%) / TARGET(14.3%) / HIGH LIFE LLC(7.1%),514,72.2,4-thread Overlock,65.0,0.031,4,5,六線拷克,B,合直向剪接
MEN,RTW,BOTTOM,PANTS,WOVEN,BP,襬叉,14,7,4,medium,WAL-MART-CA,64.3,WAL-MART-CA(64.3%) / HIGH LIFE LLC(14.3%) / DICKS SPORTING GOODS(14.3%),301,55.6,Bartack,32.0,0.046,3,5,平車-細針距,B,記號
BOY,SLEEPWEAR/RTW,BOTTOM,PANTS,KNIT,LB,商標,14,7,1,low,TARGET,100.0,TARGET(100.0%),301,100.0,Marking,47.5,0.019,1,4,手工-含做記號、翻修等工段,E,做記號
MEN,RTW,BOTTOM,PANTS,KNIT,DC,繩類,13,10,5,medium,HIGH LIFE LLC,40.0,HIGH LIFE LLC(40.0%) / ASICS-EU(20.0%) / KOHLS(20.0%),301,100.0,Bartack,41.4,0.048,1,3,手工-含做記號、翻修等工段,E,繩固定大身
GIRL,RTW,BOTTOM,PANTS,WOVEN,PK,口袋,13,2,1,low,GU,100.0,GU(100.0%),301,60.0,Pressing,36.4,0.044,4,7,平車-細針距,C,燙大身襯
MEN,UNKNOWN,BOTTOM,PANTS,KNIT,WB,腰頭,13,3,2,medium,XBODY HUNGARY KFT,84.6,XBODY HUNGARY KFT(84.6%) / V5 DEVELOPING(15.4%),301,50.0,Marking,30.6,0.082,4,6,手工-含做記號、翻修等工段,E,做鬆緊帶記號
GIRL,ACTIVE,BOTTOM,PANTS,WOVEN,SA,剪接線_上身類,13,5,1,low,TARGET,100.0,TARGET(100.0%),301,62.5,Marking,42.9,0.071,2,4,手工-含做記號、翻修等工段,B,剪+量鬆緊帶
BOY,SLEEPWEAR/RTW,BOTTOM,PANTS,KNIT,LO,褲口,13,7,1,low,TARGET,100.0,TARGET(100.0%),301,39.4,Marking,25.8,0.14,4,8,手工-含做記號、翻修等工段,E,壓褲口
MEN,FLEECE,BOTTOM,PANTS,KNIT,FP,袋蓋,13,4,1,low,QUINCE,100.0,QUINCE(100.0%),301,80.0,Lockstitch,37.2,0.04,2,6,平車-細針距,B,燙袋蓋表襯
GIRL,RTW,BOTTOM,PANTS,KNIT,LB,商標,13,6,1,low,GAP,100.0,GAP(100.0%),301,100.0,Marking,57.8,0.023,1,2,平車-細針距,C,做記號
WOMEN,RTW,BOTTOM,PANTS,KNIT,SA,剪接線_上身類,12,4,1,low,ASICS-EU,100.0,ASICS-EU(100.0%),406,66.7,Coverstitch,40.0,0.014,2,4,筒型三本車-三針五線,B,壓直向剪接明線
MEN,ACTIVE,BOTTOM,SHORTS,WOVEN,OT,其它,12,5,2,medium,DICKS SPORTING GOODS,77.8,DICKS SPORTING GOODS(77.8%) / DISTANCE(22.2%),301,56.0,Lockstitch,26.7,0.022,4,7,帶刀平車-不帶線,C,其它
BOY,SLEEPWEAR/RTW,BOTTOM,PANTS,KNIT,PK,口袋,12,3,1,low,TARGET,100.0,TARGET(100.0%),301,51.4,Lockstitch,35.2,0.082,3,6,平車-細針距,B,拷袋貼(二片)
WOMEN,ACTIVE,BOTTOM,PANTS,KNIT,FP,袋蓋,12,3,1,low,OLD NAVY,100.0,OLD NAVY(100.0%),301,81.2,Lockstitch,34.2,0.034,2,6,平車-細針距,B,燙袋蓋表襯
BABY,RTW,BOTTOM,PANTS,WOVEN,PK,口袋,12,1,1,low,ZARA,100.0,ZARA(100.0%),301,55.6,Pressing,32.5,0.043,4,7,平車-細針距,B,燙袋口(手折兩道-折一道燙一道)
BOY,RTW,BOTTOM,PANTS,WOVEN,SB,剪接線_下身類,11,3,3,medium,TARGET,54.5,TARGET(54.5%) / GU(27.3%) / DICKS SPORTING GOODS(18.2%),514,29.4,4-thread Overlock,23.8,0.031,5,7,五線拷克,B,合橫向剪接
MEN,UNKNOWN,BOTTOM,PANTS,KNIT,LI,裡布,11,3,2,medium,XBODY HUNGARY KFT,90.9,XBODY HUNGARY KFT(90.9%) / V5 DEVELOPING(9.1%),301,80.0,Marking,40.0,0.047,2,4,手工-含做記號、翻修等工段,E,褲口固雙
BABY,ACTIVE,BOTTOM,PANTS,KNIT,OT,其它,11,8,3,medium,A & F,80.6,A & F(80.6%) / TARGET(12.9%) / GAP OUTLET(6.5%),301,40.9,Marking,32.6,0.039,4,9,手工-含做記號、翻修等工段,E,其它
BOY,ACTIVE,BOTTOM,SHORTS,WOVEN,PK,口袋,11,1,1,low,TARGET,100.0,TARGET(100.0%),301,75.0,Lockstitch,37.5,0.043,2,6,平車-細針距,B,袋布剪接(二片)
WOMEN,ACTIVE,BOTTOM,JOGGERS,KNIT,PK,口袋,11,1,1,low,GAP,100.0,GAP(100.0%),301,55.6,Lockstitch,25.6,0.051,2,6,平車-細針距,B,固定袋布
BABY,ACTIVE,BOTTOM,SHORTS,WOVEN,LO,褲口,11,5,1,low,TARGET,100.0,TARGET(100.0%),514,46.2,4-thread Overlock,35.8,0.185,5,8,平車-細針距,B,修褲口
MEN,RTW,BOTTOM,PANTS,KNIT,BS,釦鎖,10,10,5,medium,HIGH LIFE LLC,40.0,HIGH LIFE LLC(40.0%) / ASICS-EU(20.0%) / WAL-MART-CA(20.0%),,,Buttonhole,50.0,0.031,0,3,燙工-手燙,C,燙襯
MEN,RTW,BOTTOM,PANTS,WOVEN,PD,褶,10,4,2,medium,GU,90.0,GU(90.0%) / ZARA(10.0%),301,100.0,Marking,47.1,0.059,1,3,平車-細針距,B,固褶各四個
WOMEN,FLEECE,BOTTOM,PANTS,KNIT,OT,其它,10,8,1,low,OLD NAVY,100.0,OLD NAVY(100.0%),301,100.0,Marking,76.9,0.011,1,3,手工-含做記號、翻修等工段,E,鎖占比
MEN,FLEECE,BOTTOM,PANTS,KNIT,LB,商標,10,5,2,medium,QUINCE,80.0,QUINCE(80.0%) / OLD NAVY(20.0%),301,100.0,Marking,51.3,0.023,1,2,平車-細針距,C,做記號
MEN,FLEECE,BOTTOM,PANTS,KNIT,LO,褲口,10,5,2,medium,QUINCE,80.0,QUINCE(80.0%) / OLD NAVY(20.0%),514,66.7,4-thread Overlock,36.4,0.059,2,5,手工-含做記號、翻修等工段,E,修褲口
BABY,ACTIVE,BOTTOM,PANTS,WOVEN,PK,口袋,10,3,1,low,TARGET,100.0,TARGET(100.0%),301,54.2,Lockstitch,31.0,0.067,3,6,平車-細針距,B,做袋口記號
BABY,ACTIVE,BOTTOM,SHORTS,WOVEN,LB,商標,10,5,1,low,TARGET,100.0,TARGET(100.0%),301,100.0,Marking,36.4,0.028,1,4,燙轉熨標機,E,做記號
BABY,ACTIVE,BOTTOM,SHORTS,WOVEN,LI,裡布,10,5,1,low,TARGET,100.0,TARGET(100.0%),401,100.0,Marking,60.0,0.048,1,3,手工-含做記號、翻修等工段,E,做記號
MEN,ACTIVE,BOTTOM,SHORTS,WOVEN,LP,帶絆,9,9,3,low,DISTANCE,66.7,DISTANCE(66.7%) / TARGET(22.2%) / DICKS SPORTING GOODS(11.1%),301,100.0,Lockstitch,62.5,0.023,1,2,平車-細針距,C,剪+量
BOY,ACTIVE,BOTTOM,PANTS,WOVEN,BN,貼合,9,3,1,low,TARGET,100.0,TARGET(100.0%),301,100.0,Marking,27.3,0.11,1,7,大型熱轉印機(大於或等於30cmX90cm),D,熱轉印
MEN,FLEECE,BOTTOM,PANTS,KNIT,BS,釦鎖,9,5,2,low,QUINCE,88.9,QUINCE(88.9%) / OLD NAVY(11.1%),,,Marking,62.5,0.055,0,3,手工-含做記號、翻修等工段,E,打洞
MEN,UNKNOWN,BOTTOM,PANTS,KNIT,LB,商標,9,3,2,low,XBODY HUNGARY KFT,77.8,XBODY HUNGARY KFT(77.8%) / V5 DEVELOPING(22.2%),301,100.0,Marking,43.6,0.038,1,5,平車-細針距,C,做記號
BOY,SLEEPWEAR/RTW,BOTTOM,PANTS,KNIT,OT,其它,9,3,1,low,TARGET,100.0,TARGET(100.0%),406,50.0,Marking,65.2,0.059,2,5,手工-含做記號、翻修等工段,E,鎖占比
WOMEN,RTW,BOTTOM,PANTS,KNIT,LP,帶絆,8,8,3,low,ASICS-EU,50.0,ASICS-EU(50.0%) / DICKS SPORTING GOODS(37.5%) / KOHLS(12.5%),301,93.3,Marking,39.0,0.058,2,4,手工-含做記號、翻修等工段,E,剪+量
WOMEN,RTW,BOTTOM,PANTS,KNIT,BP,襬叉,8,5,3,low,TARGET,75.0,TARGET(75.0%) / CATO(12.5%) / ASICS-EU(12.5%),301,51.9,Lockstitch,31.1,0.103,2,5,平車-細針距,B,拷叉縫份(兩邊)
MEN,ACTIVE,BOTTOM,PANTS,WOVEN,DP,裝飾片,8,8,3,low,DICKS SPORTING GOODS,62.5,DICKS SPORTING GOODS(62.5%) / HIGH LIFE LLC(25.0%) / UNDER ARMOUR(12.5%),301,66.7,Lockstitch,43.2,0.126,3,5,平車-細針距,E,做記號
WOMEN,ACTIVE,BOTTOM,SHORTS,WOVEN,WB,腰頭,8,2,1,low,TARGET,100.0,TARGET(100.0%),301,71.4,Lockstitch,41.7,0.054,3,5,手工-含做記號、翻修等工段,E,剪+量鬆緊帶_1條
WOMEN,ACTIVE,BOTTOM,SHORTS,WOVEN,LO,褲口,8,2,1,low,TARGET,100.0,TARGET(100.0%),514,34.0,4-thread Overlock,20.0,0.09,6,10,手工-含做記號、翻修等工段,B,固定內長縫份
WOMEN,FLEECE,BOTTOM,PANTS,KNIT,BS,釦鎖,8,8,1,low,OLD NAVY,100.0,OLD NAVY(100.0%),,,Buttonhole,41.2,0.035,0,4,燙工-手燙,D,燙襯
WOMEN,FLEECE,BOTTOM,PANTS,KNIT,DC,繩類,8,8,1,low,OLD NAVY,100.0,OLD NAVY(100.0%),301,100.0,Marking,42.4,0.117,1,4,手工-含做記號、翻修等工段,B,穿圓型腰繩(隧道寬>繩子寬)
GIRL,RTW,BOTTOM,PANTS,WOVEN,LI,裡布,8,2,1,low,GU,100.0,GU(100.0%),301,85.7,Lockstitch,50.0,0.035,2,4,平車-粗針距,C,腰頭固雙
BOY,RTW,BOTTOM,PANTS,WOVEN,BS,釦鎖,8,6,4,low,ZARA,62.5,ZARA(62.5%) / GU(12.5%) / TARGET(12.5%),,,Pressing,41.2,0.03,0,4,燙工-手燙,C,燙襯
MEN,RTW,BOTTOM,PANTS,KNIT,LI,裡布,8,4,2,low,WAL-MART-CA,50.0,WAL-MART-CA(50.0%) / HIGH LIFE LLC(50.0%),301,100.0,Lockstitch,55.6,0.047,1,3,平車-粗針距,C,裁片四周固定
MEN,ACTIVE,BOTTOM,SHORTS,WOVEN,PD,褶,8,6,2,low,DICKS SPORTING GOODS,62.5,DICKS SPORTING GOODS(62.5%) / DISTANCE(37.5%),301,100.0,Pressing,40.0,0.052,1,3,平車-細針距,B,燙褶
BOY,RTW,BOTTOM,PANTS,WOVEN,DC,繩類,8,5,3,low,ZARA,62.5,ZARA(62.5%) / DICKS SPORTING GOODS(25.0%) / TARGET(12.5%),301,100.0,Bartack,40.6,0.046,1,3,平車-細針距,C,繩固定大身
WOMEN,ACTIVE,BOTTOM,PANTS,KNIT,BM,下襬,8,8,5,low,OLD NAVY,57.1,OLD NAVY(57.1%) / ATHLETA(28.6%) / DICKS SPORTING GOODS(7.1%),406,42.1,Coverstitch,31.0,0.105,5,6,手工-含做記號、翻修等工段,E,修下襬
BOY,ACTIVE,BOTTOM,SHORTS,WOVEN,PS,褲合身,8,1,1,low,TARGET,100.0,TARGET(100.0%),514,80.0,4-thread Overlock,50.0,0.026,2,4,四線拷克,B,壓前襠明線
WOMEN,UNKNOWN,BOTTOM,PANTS,WOVEN,PS,褲合身,8,1,1,low,V5 DEVELOPING,100.0,V5 DEVELOPING(100.0%),514,53.3,4-thread Overlock,38.1,0.03,3,5,手工-含做記號、翻修等工段,B,修頭尾縫份(兩邊)
WOMEN,RTW,BOTTOM,PANTS,WOVEN,FY,前立,7,7,3,low,GAP,42.9,GAP(42.9%) / TARGET(28.6%) / DICKS SPORTING GOODS(28.6%),301,57.6,Lockstitch,38.8,0.071,4,7,平車-細針距,B,拷前立/前襠縫份(J型)
GIRL,ACTIVE,BOTTOM,PANTS,KNIT,FY,前立,7,5,1,low,A & F,100.0,A & F(100.0%),514,37.0,4-thread Overlock,27.8,0.047,4,6,平車-細針距,B,壓前立J型
MEN,ACTIVE,BOTTOM,PANTS,KNIT,SA,剪接線_上身類,7,5,3,low,DICKS SPORTING GOODS,42.9,DICKS SPORTING GOODS(42.9%) / OLD NAVY(28.6%) / S1 DEVELOPING(28.6%),301,46.7,Marking,42.3,0.047,3,4,手工-含做記號、翻修等工段,B,合直向剪接
WOMEN,ACTIVE,BOTTOM,PANTS,KNIT,LP,帶絆,7,7,4,low,OLD NAVY,42.9,OLD NAVY(42.9%) / GAP(28.6%) / DICKS SPORTING GOODS(14.3%),301,66.7,Marking,46.4,0.05,4,6,手工-含做記號、翻修等工段,E,做大身記號
BOY,ACTIVE,BOTTOM,PANTS,WOVEN,SA,剪接線_上身類,7,4,1,low,TARGET,100.0,TARGET(100.0%),514,50.0,4-thread Overlock,35.7,0.027,4,6,五線拷克,B,合橫向剪接
MEN,ACTIVE,BOTTOM,PANTS,WOVEN,SA,剪接線_上身類,7,4,2,low,UNDER ARMOUR,85.7,UNDER ARMOUR(85.7%) / TARGET(14.3%),301,53.3,Lockstitch,42.1,0.044,4,5,平車-細針距,B,壓直向剪接明線
BOY,RTW,BOTTOM,PANTS,KNIT,FY,前立,7,6,2,low,OLD NAVY,71.4,OLD NAVY(71.4%) / GAP(28.6%),301,54.5,Lockstitch,29.3,0.058,3,6,平車-細針距,B,做前襠記號
WOMEN,UNKNOWN,BOTTOM,PANTS,WOVEN,WB,腰頭,7,1,1,low,V5 DEVELOPING,100.0,V5 DEVELOPING(100.0%),301,55.6,Marking,27.8,0.043,3,5,手工-含做記號、翻修等工段,E,剪+量鬆緊帶_1條
WOMEN,ACTIVE,BOTTOM,LEGGINGS,KNIT,PS,褲合身,7,1,1,low,A & F,100.0,A & F(100.0%),514,88.9,4-thread Overlock,61.5,0.053,2,4,四線拷克,B,合前襠
WOMEN,ACTIVE,BOTTOM,LEGGINGS,KNIT,PK,口袋,7,1,1,low,A & F,100.0,A & F(100.0%),301,52.4,Lockstitch,23.1,0.044,3,7,平車-細針距,B,做口袋記號
MEN,ACTIVE,BOTTOM,SHORTS,WOVEN,BP,襬叉,6,3,2,low,DICKS SPORTING GOODS,66.7,DICKS SPORTING GOODS(66.7%) / TARGET(33.3%),301,46.7,Lockstitch,29.2,0.058,3,5,平車-細針距,B,記號
WOMEN,RTW,BOTTOM,PANTS,WOVEN,SA,剪接線_上身類,6,3,1,low,TARGET,100.0,TARGET(100.0%),301,62.5,Lockstitch,62.5,0.026,3,3,平車-細針距,B,合直向剪接
WOMEN,ACTIVE,BOTTOM,SHORTS,WOVEN,LB,商標,6,2,1,low,TARGET,100.0,TARGET(100.0%),301,100.0,Marking,40.0,0.027,1,4,手工-含做記號、翻修等工段,E,做記號
BOY,RTW,BOTTOM,PANTS,KNIT,DC,繩類,6,5,3,low,ZARA,50.0,ZARA(50.0%) / GAP OUTLET(33.3%) / A & F(16.7%),301,100.0,Bartack,38.1,0.04,1,3,手工-含做記號、翻修等工段,C,繩固定大身
WOMEN,ACTIVE,BOTTOM,PANTS,KNIT,FY,前立,6,6,2,low,OLD NAVY,66.7,OLD NAVY(66.7%) / GAP(33.3%),514,45.5,4-thread Overlock,29.4,0.057,3,6,平車-細針距,B,壓前立J型
MEN,FLEECE,BOTTOM,PANTS,KNIT,DC,繩類,6,5,2,low,QUINCE,83.3,QUINCE(83.3%) / OLD NAVY(16.7%),301,100.0,Marking,42.1,0.048,1,3,手工-含做記號、翻修等工段,B,穿圓型腰繩(隧道寬>繩子寬)
BABY,ACTIVE,BOTTOM,PANTS,KNIT,BS,釦鎖,6,6,4,low,OLD NAVY,33.3,OLD NAVY(33.3%) / GAP OUTLET(33.3%) / GAP(16.7%),,,Buttonhole,54.5,0.03,0,3,燙工-手燙,C,燙襯
BABY,ACTIVE,BOTTOM,PANTS,KNIT,DC,繩類,6,6,4,low,TARGET,44.4,TARGET(44.4%) / OLD NAVY(22.2%) / GAP OUTLET(22.2%),301,100.0,Bartack,52.9,0.057,1,3,手工-含做記號、翻修等工段,C,繩固定大身
MEN,UNKNOWN,BOTTOM,PANTS,KNIT,ZP,拉鍊,6,3,2,low,V5 DEVELOPING,66.7,V5 DEVELOPING(66.7%) / XBODY HUNGARY KFT(33.3%),301,100.0,Pressing,39.3,0.095,1,4,平車-細針距,B,拉鍊燙拔(兩條)
MEN,UNKNOWN,BOTTOM,PANTS,KNIT,BP,襬叉,6,3,2,low,XBODY HUNGARY KFT,66.7,XBODY HUNGARY KFT(66.7%) / V5 DEVELOPING(33.3%),301,100.0,Lockstitch,39.5,0.231,1,4,手工-含做記號、翻修等工段,E,做大身記號
BABY,ACTIVE,BOTTOM,PANTS,KNIT,BP,襬叉,6,2,2,low,TARGET,66.7,TARGET(66.7%) / GAP(33.3%),301,60.0,Lockstitch,31.6,0.048,4,6,平車-細針距,B,記號
BOY,RTW,BOTTOM,PANTS,WOVEN,PD,褶,6,3,2,low,ZARA,83.3,ZARA(83.3%) / TARGET(16.7%),301,100.0,Marking,33.3,0.029,1,4,手工-含做記號、翻修等工段,B,做記號_一個*2片
WOMEN,RTW,BOTTOM,PANTS,KNIT,FP,袋蓋,6,1,1,low,HALARA,100.0,HALARA(100.0%),301,80.0,Lockstitch,50.0,0.046,2,5,平車-細針距,B,燙袋蓋全襯
WOMEN,UNKNOWN,BOTTOM,PANTS,KNIT,WB,腰頭,6,1,1,low,M-STAR,100.0,M-STAR(100.0%),301,35.3,Marking,31.2,0.059,6,8,手工-含做記號、翻修等工段,B,做記號
BABY,ACTIVE,BOTTOM,PANTS,WOVEN,BM,下襬,6,2,1,low,TARGET,100.0,TARGET(100.0%),406,100.0,Pressing,40.0,0.036,1,4,手工-含做記號、翻修等工段,E,壓下襬_兩邊散邊
BABY,ACTIVE,BOTTOM,PANTS,WOVEN,DC,繩類,6,3,1,low,TARGET,100.0,TARGET(100.0%),301,100.0,Marking,60.0,0.037,1,2,手工-含做記號、翻修等工段,E,剪+量
GIRL,SLEEPWEAR/RTW,BOTTOM,PANTS,KNIT,PS,褲合身,6,1,1,low,TARGET,100.0,TARGET(100.0%),514,80.0,4-thread Overlock,66.7,0.027,2,3,四線拷克,B,合前襠
BABY,RTW,BOTTOM,PANTS,WOVEN,QT,行縫(固定棉),6,1,1,low,ZARA,100.0,ZARA(100.0%),301,100.0,Lockstitch,66.7,0.125,1,3,平車-粗針距,C,裁片四周固定
BABY,RTW,BOTTOM,PANTS,WOVEN,PS,褲合身,6,1,1,low,ZARA,100.0,ZARA(100.0%),301,100.0,Pressing,66.7,0.084,1,2,平車-細針距,B,合前後襠
BOY,FLEECE,BOTTOM,PANTS,KNIT,PS,褲合身,6,1,1,low,QUINCE,100.0,QUINCE(100.0%),514,66.7,4-thread Overlock,66.7,0.058,2,2,四線拷克,B,合外長
BABY,FLEECE,BOTTOM,PANTS,KNIT,PS,褲合身,6,1,1,low,QUINCE,100.0,QUINCE(100.0%),514,66.7,4-thread Overlock,66.7,0.041,2,2,四線拷克,B,合外長
MEN,RTW,BOTTOM,PANTS,KNIT,PD,褶,5,3,2,low,ASICS-EU,80.0,ASICS-EU(80.0%) / HIGH LIFE LLC(20.0%),301,63.6,Lockstitch,33.3,0.062,2,5,平車-細針距,B,拷褶
GIRL,ACTIVE,BOTTOM,SHORTS,WOVEN,OT,其它,5,5,1,low,TARGET,100.0,TARGET(100.0%),607,42.9,Marking,41.7,0.018,4,5,手工-含做記號、翻修等工段,E,其它
BOY,RTW,BOTTOM,PANTS,KNIT,BS,釦鎖,5,5,3,low,GAP OUTLET,40.0,GAP OUTLET(40.0%) / ZARA(40.0%) / A & F(20.0%),,,Buttonhole,47.4,0.033,0,4,燙工-手燙,C,燙襯
GIRL,ACTIVE,BOTTOM,PANTS,WOVEN,BM,下襬,5,5,1,low,TARGET,100.0,TARGET(100.0%),514,69.2,4-thread Overlock,56.2,0.084,3,4,手工-含做記號、翻修等工段,B,荷葉邊密拷
GIRL,ACTIVE,BOTTOM,PANTS,WOVEN,SS,脅邊,5,5,3,low,TARGET,41.7,TARGET(41.7%) / A & F(33.3%) / DICKS SPORTING GOODS(25.0%),301,57.1,Marking,36.8,0.04,2,4,手工-含做記號、翻修等工段,E,修頭尾縫份(四邊)
GIRL,ACTIVE,BOTTOM,PANTS,WOVEN,LP,帶絆,5,3,1,low,TARGET,100.0,TARGET(100.0%),301,100.0,Marking,58.3,0.021,1,2,手工-含做記號、翻修等工段,E,穿拉耳
WOMEN,RTW,BOTTOM,PANTS,KNIT,LI,裡布,5,4,2,low,DICKS SPORTING GOODS,60.0,DICKS SPORTING GOODS(60.0%) / HALARA(40.0%),301,75.0,Lockstitch,37.5,0.057,2,4,平車-粗針距,C,裁片四周固定
WOMEN,ACTIVE,BOTTOM,JOGGERS,KNIT,PS,褲合身,5,1,1,low,GAP,100.0,GAP(100.0%),514,100.0,4-thread Overlock,80.0,0.038,1,2,四線拷克,B,合前襠
GIRL,ACTIVE,BOTTOM,PANTS,KNIT,BP,襬叉,5,2,1,low,OLD NAVY,100.0,OLD NAVY(100.0%),514,46.2,4-thread Overlock,30.0,0.055,3,6,平車-細針距,B,記號
BOY,ACTIVE,BOTTOM,PANTS,KNIT,SB,剪接線_下身類,5,2,2,low,TARGET,60.0,TARGET(60.0%) / OLD NAVY(40.0%),514,72.7,4-thread Overlock,57.1,0.058,2,3,四線拷克,B,做記號
BOY,FLEECE,BOTTOM,PANTS,KNIT,PK,口袋,5,1,1,low,QUINCE,100.0,QUINCE(100.0%),301,54.5,Lockstitch,28.6,0.056,2,5,平車-細針距,C,燙大身襯
BABY,FLEECE,BOTTOM,PANTS,KNIT,PK,口袋,5,1,1,low,QUINCE,100.0,QUINCE(100.0%),301,54.5,Lockstitch,28.6,0.056,2,5,平車-細針距,C,燙大身襯
MEN,ACTIVE,BOTTOM,SHORTS,WOVEN,ZP,拉鍊,4,4,2,very_low,DISTANCE,75.0,DISTANCE(75.0%) / TARGET(25.0%),,,Pressing,100.0,0.009,0,1,燙工-手燙,D,拉鍊燙拔(一條)
MEN,RTW,BOTTOM,PANTS,KNIT,SA,剪接線_上身類,4,1,1,very_low,ASICS-EU,100.0,ASICS-EU(100.0%),406,40.0,Marking,33.3,0.034,3,5,手工-含做記號、翻修等工段,E,壓直向剪接明線
WOMEN,ACTIVE,BOTTOM,SHORTS,WOVEN,BS,釦鎖,4,2,1,very_low,TARGET,100.0,TARGET(100.0%),,,Buttonhole,66.7,0.021,0,2,燙工-手燙,D,燙襯
WOMEN,ACTIVE,BOTTOM,SHORTS,WOVEN,SA,剪接線_上身類,4,2,1,very_low,TARGET,100.0,TARGET(100.0%),514,66.7,4-thread Overlock,66.7,0.026,2,2,四線拷克,B,合直向剪接
WOMEN,ACTIVE,BOTTOM,SHORTS,WOVEN,LI,裡布,4,2,1,very_low,TARGET,100.0,TARGET(100.0%),301,100.0,Marking,60.0,0.052,1,3,手工-含做記號、翻修等工段,E,做記號
WOMEN,ACTIVE,BOTTOM,PANTS,KNIT,ZP,拉鍊,4,3,2,very_low,UNDER ARMOUR,60.0,UNDER ARMOUR(60.0%) / OLD NAVY(40.0%),301,69.2,Pressing,38.9,0.052,2,5,平車-細針距,D,拉鍊燙拔(兩條)
MEN,RTW,BOTTOM,PANTS,KNIT,ZP,拉鍊,4,3,2,very_low,WAL-MART-CA,50.0,WAL-MART-CA(50.0%) / ASICS-EU(50.0%),,,Pressing,63.6,0.012,0,3,燙工-手燙,D,拉鍊燙拔(一條)
BABY,ACTIVE,BOTTOM,PANTS,KNIT,BN,貼合,4,2,1,very_low,OLD NAVY,100.0,OLD NAVY(100.0%),301,100.0,Marking,42.9,0.183,1,3,手工-含做記號、翻修等工段,D,做拉鍊記號
BABY,ACTIVE,BOTTOM,PANTS,KNIT,SB,剪接線_下身類,4,2,2,very_low,OLD NAVY,50.0,OLD NAVY(50.0%) / TARGET(50.0%),514,66.7,Marking,40.0,0.028,3,4,手工-含做記號、翻修等工段,B,做記號
MEN,ACTIVE,BOTTOM,SHORTS,WOVEN,FY,前立,4,3,1,very_low,DICKS SPORTING GOODS,100.0,DICKS SPORTING GOODS(100.0%),301,60.0,Lockstitch,34.6,0.075,4,7,平車-細針距,B,拷前立/前襠縫份(J型)
BOY,RTW,BOTTOM,PANTS,WOVEN,LI,裡布,4,2,2,very_low,ZARA,50.0,ZARA(50.0%) / DICKS SPORTING GOODS(50.0%),301,100.0,Marking,60.0,0.048,1,3,手工-含做記號、翻修等工段,E,做記號
MEN,ACTIVE,BOTTOM,PANTS,KNIT,FP,袋蓋,4,1,1,very_low,UNDER ARMOUR,100.0,UNDER ARMOUR(100.0%),301,80.0,Lockstitch,30.8,0.06,2,6,平車-細針距,B,燙袋蓋表襯
BOY,RTW,BOTTOM,SHORTS,WOVEN,LB,商標,4,2,1,very_low,TARGET,100.0,TARGET(100.0%),301,100.0,Marking,45.0,0.021,1,4,平車-細針距,C,做記號
BOY,RTW,BOTTOM,SHORTS,WOVEN,WB,腰頭,4,2,1,very_low,TARGET,100.0,TARGET(100.0%),301,90.0,Lockstitch,42.9,0.11,2,4,手工-含做記號、翻修等工段,E,做鬆緊帶記號
BOY,RTW,BOTTOM,SHORTS,WOVEN,DC,繩類,4,2,1,very_low,TARGET,100.0,TARGET(100.0%),301,100.0,Bartack,41.7,0.074,1,4,手工-含做記號、翻修等工段,E,剪+量織帶繩
BOY,RTW,BOTTOM,SHORTS,WOVEN,FP,袋蓋,4,1,1,very_low,TARGET,100.0,TARGET(100.0%),301,100.0,Lockstitch,38.5,0.051,1,5,平車-細針距,B,燙袋蓋表襯
WOMEN,RTW,BOTTOM,PANTS,KNIT,FY,前立,4,4,2,very_low,DICKS SPORTING GOODS,75.0,DICKS SPORTING GOODS(75.0%) / KOHLS(25.0%),514,50.0,4-thread Overlock,33.3,0.055,2,4,平車-細針距,B,做前襠記號
WOMEN,UNKNOWN,BOTTOM,PANTS,KNIT,PS,褲合身,4,1,1,very_low,M-STAR,100.0,M-STAR(100.0%),607,88.9,Flatlock,50.0,0.088,2,3,手工-含做記號、翻修等工段,E,修頭尾縫份(兩邊)
WOMEN,ACTIVE,BOTTOM,JOGGERS,KNIT,WB,腰頭,4,1,1,very_low,GAP,100.0,GAP(100.0%),301,40.0,Marking,30.8,0.04,4,6,手工-含做記號、翻修等工段,E,拉開鬆緊帶
WOMEN,ACTIVE,BOTTOM,JOGGERS,KNIT,LO,褲口,4,1,1,very_low,GAP,100.0,GAP(100.0%),514,54.5,4-thread Overlock,35.3,0.083,3,6,手工-含做記號、翻修等工段,C,壓褲口
BOY,SLEEPWEAR/RTW,BOTTOM,PANTS,KNIT,BS,釦鎖,4,4,1,very_low,TARGET,100.0,TARGET(100.0%),,,Buttonhole,75.0,0.021,0,2,燙工-手燙,D,燙襯
BOY,SLEEPWEAR/RTW,BOTTOM,PANTS,KNIT,DC,繩類,4,4,1,very_low,TARGET,100.0,TARGET(100.0%),301,100.0,Bartack,33.3,0.127,1,3,手工-含做記號、翻修等工段,E,剪+量織帶繩
BABY,ACTIVE,BOTTOM,PANTS,WOVEN,SB,剪接線_下身類,4,2,1,very_low,TARGET,100.0,TARGET(100.0%),514,50.0,Marking,40.0,0.024,3,4,手工-含做記號、翻修等工段,B,做記號
WOMEN,ACTIVE,BOTTOM,LEGGINGS,KNIT,WB,腰頭,4,1,1,very_low,A & F,100.0,A & F(100.0%),301,63.6,Lockstitch,44.4,0.075,2,4,手工-含做記號、翻修等工段,E,剪+量鬆緊帶_1條
MEN,FLEECE,BOTTOM,PANTS,KNIT,FY,前立,4,4,1,very_low,QUINCE,100.0,QUINCE(100.0%),406,33.3,Coverstitch,17.2,0.076,3,6,平車-細針距,B,燙前立對折
BABY,RTW,BOTTOM,PANTS,WOVEN,OT,其它,4,1,1,very_low,ZARA,100.0,ZARA(100.0%),301,100.0,Lockstitch,75.0,0.026,1,2,帶刀平車-不帶線,C,腰脅橫向對/兩脅
BOY,ACTIVE,BOTTOM,PANTS,KNIT,BN,貼合,4,1,1,very_low,OLD NAVY,100.0,OLD NAVY(100.0%),301,100.0,Pressing,50.0,0.069,1,3,燙工-手燙,D,小燙豆豆貼
GIRL,RTW,BOTTOM,PANTS,KNIT,FY,前立,4,4,1,very_low,GAP,100.0,GAP(100.0%),514,38.1,4-thread Overlock,24.2,0.084,3,5,手工-含做記號、翻修等工段,B,燙前立大身襯*1
MEN,UNKNOWN,BOTTOM,PANTS,KNIT,PK,口袋,4,2,1,very_low,XBODY HUNGARY KFT,100.0,XBODY HUNGARY KFT(100.0%),301,50.0,Marking,35.7,0.043,3,5,手工-含做記號、翻修等工段,B,壓袋口(手折一道)
BOY,SLEEPWEAR/RTW,BOTTOM,PANTS,KNIT,FY,前立,4,4,1,very_low,TARGET,100.0,TARGET(100.0%),301,60.0,Lockstitch,42.9,0.063,2,4,平車-細針距,C,做前襠記號
BOY,SLEEPWEAR/RTW,BOTTOM,PANTS,KNIT,SB,剪接線_下身類,4,3,1,very_low,TARGET,100.0,TARGET(100.0%),514,46.2,4-thread Overlock,42.9,0.05,3,4,平車-細針距,B,合直向剪接
BOY,FLEECE,BOTTOM,PANTS,KNIT,WB,腰頭,4,1,1,very_low,QUINCE,100.0,QUINCE(100.0%),301,66.7,Lockstitch,42.9,0.069,3,5,平車-細針距,E,接腰脅_1道
BABY,FLEECE,BOTTOM,PANTS,KNIT,WB,腰頭,4,1,1,very_low,QUINCE,100.0,QUINCE(100.0%),301,66.7,Lockstitch,42.9,0.062,3,5,平車-細針距,E,接腰脅_1道
MEN,ACTIVE,BOTTOM,SHORTS,WOVEN,SA,剪接線_上身類,3,2,2,very_low,TARGET,66.7,TARGET(66.7%) / DISTANCE(33.3%),514,50.0,4-thread Overlock,36.4,0.076,2,4,平車-細針距,B,(NEW)固線
GIRL,RTW,BOTTOM,PANTS,WOVEN,BS,釦鎖,3,2,1,very_low,GU,100.0,GU(100.0%),,,Buttonhole,50.0,0.033,0,4,燙工-手燙,C,燙襯
MEN,ACTIVE,BOTTOM,PANTS,KNIT,DP,裝飾片,3,3,1,very_low,S1 DEVELOPING,100.0,S1 DEVELOPING(100.0%),301,75.0,Pressing,46.2,0.139,2,4,燙工-手燙,D,三角片燙型*2
MEN,ACTIVE,BOTTOM,PANTS,KNIT,HL,釦環,3,3,1,very_low,S1 DEVELOPING,100.0,S1 DEVELOPING(100.0%),301,100.0,Marking,50.0,0.588,1,3,手工-含做記號、翻修等工段,E,做記號
MEN,ACTIVE,BOTTOM,PANTS,KNIT,LP,帶絆,3,3,2,very_low,KOHLS,66.7,KOHLS(66.7%) / S1 DEVELOPING(33.3%),301,83.3,Marking,50.0,0.046,2,3,手工-含做記號、翻修等工段,E,剪+量
BOY,RTW,BOTTOM,PANTS,KNIT,LI,裡布,3,1,1,very_low,GAP OUTLET,100.0,GAP OUTLET(100.0%),301,100.0,Lockstitch,40.0,0.028,1,3,手工-含做記號、翻修等工段,C,腰頭固雙
BOY,ACTIVE,BOTTOM,PANTS,WOVEN,PD,褶,3,2,1,very_low,TARGET,100.0,TARGET(100.0%),301,68.4,Lockstitch,43.3,0.085,3,5,平車-細針距,C,做記號
WOMEN,RTW,BOTTOM,PANTS,WOVEN,BM,下襬,3,2,3,very_low,KOHLS,50.0,KOHLS(50.0%) / TARGET(25.0%) / OLD NAVY(25.0%),301,100.0,Lockstitch,33.3,0.12,1,3,手工-含做記號、翻修等工段,E,(NEW)燙折前修片
BOY,RTW,BOTTOM,PANTS,KNIT,SB,剪接線_下身類,3,2,2,very_low,GAP OUTLET,66.7,GAP OUTLET(66.7%) / ZARA(33.3%),514,80.0,Marking,44.4,0.034,2,3,手工-含做記號、翻修等工段,B,做記號
MEN,UNKNOWN,BOTTOM,PANTS,KNIT,LO,褲口,3,3,2,very_low,XBODY HUNGARY KFT,66.7,XBODY HUNGARY KFT(66.7%) / V5 DEVELOPING(33.3%),406,60.0,Coverstitch,33.3,0.226,2,4,手工-含做記號、翻修等工段,B,做記號
MEN,UNKNOWN,BOTTOM,PANTS,KNIT,SA,剪接線_上身類,3,3,2,very_low,XBODY HUNGARY KFT,66.7,XBODY HUNGARY KFT(66.7%) / V5 DEVELOPING(33.3%),301,50.0,Lockstitch,50.0,0.057,3,3,平車-細針距,B,合直向剪接
MEN,UNKNOWN,BOTTOM,PANTS,KNIT,DP,裝飾片,3,3,2,very_low,XBODY HUNGARY KFT,66.7,XBODY HUNGARY KFT(66.7%) / V5 DEVELOPING(33.3%),301,71.4,Lockstitch,35.7,0.138,3,5,手工-含做記號、翻修等工段,B,做記號
BOY,ACTIVE,BOTTOM,SHORTS,WOVEN,SB,剪接線_下身類,3,1,1,very_low,TARGET,100.0,TARGET(100.0%),514,80.0,4-thread Overlock,57.1,0.027,2,3,四線拷克,B,做記號
WOMEN,UNKNOWN,BOTTOM,PANTS,KNIT,LB,商標,3,1,1,very_low,M-STAR,100.0,M-STAR(100.0%),301,100.0,Marking,40.0,0.027,1,4,手工-含做記號、翻修等工段,E,做記號
WOMEN,ACTIVE,BOTTOM,JOGGERS,KNIT,LB,商標,3,1,1,very_low,GAP,100.0,GAP(100.0%),301,100.0,Lockstitch,50.0,0.018,1,2,平車-細針距,C,做記號
BABY,ACTIVE,BOTTOM,PANTS,WOVEN,ST,肩帶,3,3,1,very_low,TARGET,100.0,TARGET(100.0%),301,100.0,Lockstitch,100.0,0.01,1,1,平車-細針距,C,滾肩帶
MEN,RTW,BOTTOM,PANTS,WOVEN,PL,門襟,3,3,1,very_low,GU,100.0,GU(100.0%),301,100.0,Lockstitch,100.0,0.095,1,1,平車-細針距,B,壓門巾下(口X型)
WOMEN,ACTIVE,BOTTOM,LEGGINGS,KNIT,LB,商標,3,1,1,very_low,A & F,100.0,A & F(100.0%),301,100.0,Marking,50.0,0.021,1,4,手工-含做記號、翻修等工段,E,做記號
WOMEN,ACTIVE,BOTTOM,LEGGINGS,KNIT,PD,褶,3,1,1,very_low,A & F,100.0,A & F(100.0%),301,100.0,Lockstitch,36.8,0.045,1,3,手工-含做記號、翻修等工段,E,做記號
GIRL,RTW,BOTTOM,PANTS,WOVEN,FY,前立,3,3,1,very_low,GAP,100.0,GAP(100.0%),514,33.3,4-thread Overlock,25.0,0.052,3,4,手工-含做記號、翻修等工段,B,做前襠記號
GIRL,RTW,BOTTOM,PANTS,WOVEN,BP,襬叉,3,2,1,very_low,GAP,100.0,GAP(100.0%),301,100.0,Marking,33.3,0.025,1,3,手工-含做記號、翻修等工段,B,記號
BABY,RTW,BOTTOM,PANTS,WOVEN,WB,腰頭,3,1,1,very_low,ZARA,100.0,ZARA(100.0%),301,87.5,Lockstitch,43.8,0.103,2,4,平車-細針距,C,接腰脅_2道
BABY,RTW,BOTTOM,PANTS,WOVEN,PD,褶,3,1,1,very_low,ZARA,100.0,ZARA(100.0%),301,100.0,Pressing,44.4,0.02,1,4,手工-含做記號、翻修等工段,E,做記號_一個*2片
BABY,RTW,BOTTOM,PANTS,WOVEN,LI,裡布,3,1,1,very_low,ZARA,100.0,ZARA(100.0%),301,100.0,Marking,50.0,0.062,1,3,手工-含做記號、翻修等工段,E,剪布條(一條)
BABY,RTW,BOTTOM,PANTS,WOVEN,LO,褲口,3,1,1,very_low,ZARA,100.0,ZARA(100.0%),301,60.0,Lockstitch,37.5,0.043,3,6,平車-細針距,C,修褲口
GIRL,ACTIVE,BOTTOM,PANTS,WOVEN,FY,前立,3,2,1,very_low,A & F,100.0,A & F(100.0%),301,50.0,Lockstitch,38.5,0.06,4,5,平車-細針距,B,做前襠記號
MEN,UNKNOWN,BOTTOM,PANTS,KNIT,SB,剪接線_下身類,3,2,1,very_low,XBODY HUNGARY KFT,100.0,XBODY HUNGARY KFT(100.0%),514,85.7,4-thread Overlock,50.0,0.058,2,3,手工-含做記號、翻修等工段,B,做記號
BOY,SLEEPWEAR/RTW,BOTTOM,PANTS,KNIT,LI,裡布,3,1,1,very_low,TARGET,100.0,TARGET(100.0%),301,100.0,Marking,50.0,0.042,1,2,手工-含做記號、翻修等工段,E,做記號
BOY,FLEECE,BOTTOM,PANTS,KNIT,LO,褲口,3,1,1,very_low,QUINCE,100.0,QUINCE(100.0%),514,50.0,4-thread Overlock,27.3,0.06,4,8,手工-含做記號、翻修等工段,E,修褲口
BABY,FLEECE,BOTTOM,PANTS,KNIT,LO,褲口,3,1,1,very_low,QUINCE,100.0,QUINCE(100.0%),514,50.0,4-thread Overlock,27.3,0.06,4,8,手工-含做記號、翻修等工段,E,修褲口
MEN,RTW,BOTTOM,PANTS,KNIT,BN,貼合,2,1,1,very_low,ASICS-EU,100.0,ASICS-EU(100.0%),,,Pressing,66.7,0.028,0,2,燙工-手燙,D,小燙豆豆貼
MEN,RTW,BOTTOM,PANTS,KNIT,OT,其它,2,2,3,very_low,HIGH LIFE LLC,78.3,HIGH LIFE LLC(78.3%) / KOHLS(13.0%) / ASICS-EU(8.7%),301,45.0,Lockstitch,37.5,0.012,5,8,手工-含做記號、翻修等工段,E,其它
WOMEN,RTW,BOTTOM,PANTS,KNIT,PL,門襟,2,2,1,very_low,TARGET,100.0,TARGET(100.0%),,,Pressing,66.7,0.072,0,2,壓襯機,E,燙門襟襯
WOMEN,ACTIVE,BOTTOM,SHORTS,WOVEN,DC,繩類,2,2,1,very_low,TARGET,100.0,TARGET(100.0%),301,100.0,Marking,50.0,0.123,1,3,手工-含做記號、翻修等工段,E,剪+量
WOMEN,ACTIVE,BOTTOM,SHORTS,WOVEN,ZP,拉鍊,2,2,1,very_low,TARGET,100.0,TARGET(100.0%),,,Pressing,66.7,0.007,0,2,燙工-手燙,D,拉鍊燙縮(一條)
GIRL,RTW,BOTTOM,PANTS,WOVEN,LP,帶絆,2,2,1,very_low,GU,100.0,GU(100.0%),301,100.0,Marking,66.7,0.016,1,2,手工-含做記號、翻修等工段,E,剪+量
BOY,RTW,BOTTOM,PANTS,WOVEN,LP,帶絆,2,2,2,very_low,GU,50.0,GU(50.0%) / DICKS SPORTING GOODS(50.0%),301,75.0,Marking,40.0,0.048,2,4,手工-含做記號、翻修等工段,E,剪+量
BOY,ACTIVE,BOTTOM,PANTS,WOVEN,FY,前立,2,2,1,very_low,TARGET,100.0,TARGET(100.0%),301,60.0,Lockstitch,42.9,0.065,2,4,平車-細針距,C,做前襠記號
MEN,FLEECE,BOTTOM,PANTS,KNIT,PD,褶,2,1,1,very_low,OLD NAVY,100.0,OLD NAVY(100.0%),301,100.0,Lockstitch,50.0,0.028,1,2,平車-細針距,B,抽褶_1.5倍
BOY,RTW,BOTTOM,PANTS,KNIT,BN,貼合,2,1,1,very_low,GAP OUTLET,100.0,GAP OUTLET(100.0%),,,Pressing,100.0,0.039,0,1,燙工-手燙,D,小燙豆豆貼
BABY,ACTIVE,BOTTOM,PANTS,KNIT,FY,前立,2,2,2,very_low,OLD NAVY,50.0,OLD NAVY(50.0%) / TARGET(50.0%),301,60.0,Lockstitch,40.0,0.07,3,5,平車-細針距,B,做前襠記號
MEN,UNKNOWN,BOTTOM,PANTS,KNIT,BS,釦鎖,2,1,1,very_low,V5 DEVELOPING,100.0,V5 DEVELOPING(100.0%),,,Buttonhole,66.7,0.023,0,2,燙工-手燙,D,燙襯
MEN,UNKNOWN,BOTTOM,PANTS,KNIT,DC,繩類,2,1,1,very_low,V5 DEVELOPING,100.0,V5 DEVELOPING(100.0%),,,Marking,80.0,0.051,0,2,手工-含做記號、翻修等工段,E,剪+量
MEN,UNKNOWN,BOTTOM,PANTS,KNIT,LP,帶絆,2,1,1,very_low,V5 DEVELOPING,100.0,V5 DEVELOPING(100.0%),301,100.0,Lockstitch,46.2,0.116,1,4,平車-細針距,B,剪+量
WOMEN,RTW,BOTTOM,PANTS,WOVEN,DP,裝飾片,2,1,1,very_low,TARGET,100.0,TARGET(100.0%),301,100.0,Marking,60.0,0.032,1,3,手工-含做記號、翻修等工段,E,做記號
MEN,RTW,BOTTOM,PANTS,WOVEN,SA,剪接線_上身類,2,1,1,very_low,ZARA,100.0,ZARA(100.0%),301,100.0,Lockstitch,50.0,0.027,1,3,平車-細針距,E,做直向剪接記號
WOMEN,SLEEPWEAR,BOTTOM,PANTS,KNIT,OT,其它,2,2,1,very_low,KOHLS,100.0,KOHLS(100.0%),,,Marking,100.0,0.011,0,1,手工-含做記號、翻修等工段,E,其它
MEN,ACTIVE,BOTTOM,PANTS,WOVEN,FP,袋蓋,2,1,1,very_low,UNDER ARMOUR,100.0,UNDER ARMOUR(100.0%),301,100.0,Lockstitch,62.5,0.077,1,3,平車-細針距,B,反縫袋蓋暗線(一片式)
BOY,RTW,BOTTOM,SHORTS,WOVEN,BS,釦鎖,2,2,1,very_low,TARGET,100.0,TARGET(100.0%),,,Buttonhole,75.0,0.021,0,2,燙工-手燙,D,燙襯
BOY,RTW,BOTTOM,SHORTS,WOVEN,FY,前立,2,2,1,very_low,TARGET,100.0,TARGET(100.0%),301,60.0,Lockstitch,40.0,0.087,3,6,平車-細針距,B,拷前立/前襠縫份(J型)
BOY,RTW,BOTTOM,SHORTS,WOVEN,LO,褲口,2,2,1,very_low,TARGET,100.0,TARGET(100.0%),301,100.0,Lockstitch,100.0,0.064,1,1,雙針車-一般,B,壓褲口
GIRL,ACTIVE,BOTTOM,PANTS,WOVEN,ZP,拉鍊,2,2,1,very_low,TARGET,100.0,TARGET(100.0%),,,Pressing,66.7,0.009,0,2,燙工-手燙,D,拉鍊燙拔(一條)
MEN,RTW,BOTTOM,PANTS,KNIT,FY,前立,2,2,2,very_low,QUINCE,50.0,QUINCE(50.0%) / HIGH LIFE LLC(50.0%),514,57.1,4-thread Overlock,36.4,0.08,2,4,手工-含做記號、翻修等工段,B,做前襠記號
BOY,ACTIVE,BOTTOM,SHORTS,WOVEN,LB,商標,2,1,1,very_low,TARGET,100.0,TARGET(100.0%),301,100.0,Marking,50.0,0.019,1,4,手工-含做記號、翻修等工段,E,做記號
BOY,ACTIVE,BOTTOM,SHORTS,WOVEN,WB,腰頭,2,1,1,very_low,TARGET,100.0,TARGET(100.0%),514,50.0,Marking,42.9,0.061,2,3,手工-含做記號、翻修等工段,E,剪+量鬆緊帶
BOY,ACTIVE,BOTTOM,SHORTS,WOVEN,LO,褲口,2,1,1,very_low,TARGET,100.0,TARGET(100.0%),514,60.0,4-thread Overlock,30.0,0.07,3,7,手工-含做記號、翻修等工段,E,修褲口
WOMEN,UNKNOWN,BOTTOM,PANTS,KNIT,OT,其它,2,1,1,very_low,M-STAR,100.0,M-STAR(100.0%),,,Marking,100.0,0.006,0,1,手工-含做記號、翻修等工段,E,Plus
BOY,RTW,BOTTOM,PANTS,WOVEN,BP,襬叉,2,1,1,very_low,DICKS SPORTING GOODS,100.0,DICKS SPORTING GOODS(100.0%),514,60.0,4-thread Overlock,37.5,0.057,2,4,平車-細針距,B,拷叉縫(四邊)
BABY,ACTIVE,BOTTOM,PANTS,WOVEN,PD,褶,2,2,1,very_low,TARGET,100.0,TARGET(100.0%),301,100.0,Lockstitch,100.0,0.019,1,1,平車-細針距,B,抽褶_1.5倍
WOMEN,SLEEPWEAR,BOTTOM,PANTS,KNIT,DC,繩類,2,1,1,very_low,KOHLS,100.0,KOHLS(100.0%),301,100.0,Bartack,33.3,0.038,1,3,手工-含做記號、翻修等工段,E,打結*2
GIRL,SLEEPWEAR/RTW,BOTTOM,PANTS,KNIT,LB,商標,2,1,1,very_low,TARGET,100.0,TARGET(100.0%),301,100.0,Marking,50.0,0.019,1,4,手工-含做記號、翻修等工段,E,做記號
GIRL,SLEEPWEAR/RTW,BOTTOM,PANTS,KNIT,LO,褲口,2,1,1,very_low,TARGET,100.0,TARGET(100.0%),406,100.0,Coverstitch,50.0,0.055,1,4,手工-含做記號、翻修等工段,E,修褲口
WOMEN,UNKNOWN,BOTTOM,PANTS,WOVEN,LB,商標,2,1,1,very_low,V5 DEVELOPING,100.0,V5 DEVELOPING(100.0%),301,100.0,Marking,42.9,0.024,1,4,手工-含做記號、翻修等工段,E,做記號
WOMEN,UNKNOWN,BOTTOM,PANTS,WOVEN,PD,褶,2,1,1,very_low,V5 DEVELOPING,100.0,V5 DEVELOPING(100.0%),301,100.0,Lockstitch,66.7,0.032,1,2,平車-細針距,B,抽褶_2倍
WOMEN,UNKNOWN,BOTTOM,PANTS,WOVEN,LO,褲口,2,1,1,very_low,V5 DEVELOPING,100.0,V5 DEVELOPING(100.0%),406,75.0,Coverstitch,37.5,0.167,2,4,手工-含做記號、翻修等工段,E,壓褲口
WOMEN,UNKNOWN,BOTTOM,PANTS,WOVEN,LI,裡布,2,1,1,very_low,V5 DEVELOPING,100.0,V5 DEVELOPING(100.0%),301,100.0,Marking,60.0,0.052,1,3,手工-含做記號、翻修等工段,E,做記號
WOMEN,ACTIVE,BOTTOM,LEGGINGS,KNIT,DC,繩類,2,1,1,very_low,A & F,100.0,A & F(100.0%),301,100.0,Bartack,50.0,0.019,1,3,手工-含做記號、翻修等工段,D,穿圓型腰繩(隧道寬>繩子寬)
WOMEN,ACTIVE,BOTTOM,LEGGINGS,KNIT,SB,剪接線_下身類,2,1,1,very_low,A & F,100.0,A & F(100.0%),514,66.7,4-thread Overlock,66.7,0.083,2,2,四線拷克,B,合直向剪接
WOMEN,ACTIVE,BOTTOM,LEGGINGS,KNIT,LO,褲口,2,1,1,very_low,A & F,100.0,A & F(100.0%),514,66.7,4-thread Overlock,37.5,0.053,3,6,手工-含做記號、翻修等工段,E,修褲口
WOMEN,RTW,BOTTOM,PANTS,KNIT,ZP,拉鍊,2,1,1,very_low,ASICS-EU,100.0,ASICS-EU(100.0%),,,Pressing,60.0,0.015,0,2,燙工-手燙,D,拉鍊燙拔(兩條)
BOY,ACTIVE,BOTTOM,PANTS,KNIT,BP,襬叉,2,1,1,very_low,TARGET,100.0,TARGET(100.0%),301,100.0,Lockstitch,40.0,0.029,1,3,平車-細針距,B,記號
BABY,RTW,BOTTOM,PANTS,WOVEN,LB,商標,2,1,1,very_low,ZARA,100.0,ZARA(100.0%),301,100.0,Marking,57.1,0.022,1,2,平車-細針距,E,做記號
BABY,RTW,BOTTOM,PANTS,WOVEN,DC,繩類,2,1,1,very_low,ZARA,100.0,ZARA(100.0%),301,100.0,Lockstitch,50.0,0.042,1,3,平車-細針距,E,剪+量
GIRL,RTW,BOTTOM,PANTS,WOVEN,PD,褶,2,1,1,very_low,GU,100.0,GU(100.0%),,,Pressing,33.3,0.074,0,3,手工-含做記號、翻修等工段,E,車Pintuck_1道工
MEN,UNKNOWN,BOTTOM,PANTS,KNIT,HL,釦環,2,2,1,very_low,XBODY HUNGARY KFT,100.0,XBODY HUNGARY KFT(100.0%),301,100.0,Marking,50.0,0.573,1,3,手工-含做記號、翻修等工段,E,做記號
WOMEN,FLEECE,BOTTOM,PANTS,KNIT,PD,褶,2,1,1,very_low,OLD NAVY,100.0,OLD NAVY(100.0%),301,100.0,Lockstitch,50.0,0.03,1,2,平車-細針距,B,抽褶_2倍
WOMEN,FLEECE,BOTTOM,PANTS,KNIT,SB,剪接線_下身類,2,1,1,very_low,OLD NAVY,100.0,OLD NAVY(100.0%),514,100.0,4-thread Overlock,66.7,0.061,1,2,手工-含做記號、翻修等工段,E,大身做壓線記號
BOY,SLEEPWEAR/RTW,BOTTOM,PANTS,KNIT,BP,襬叉,2,1,1,very_low,TARGET,100.0,TARGET(100.0%),301,100.0,Bartack,60.0,0.021,1,3,手工-含做記號、翻修等工段,B,記號
BOY,FLEECE,BOTTOM,PANTS,KNIT,LB,商標,2,1,1,very_low,QUINCE,100.0,QUINCE(100.0%),301,100.0,Marking,37.5,0.034,1,4,平車-細針距,C,做記號
BABY,FLEECE,BOTTOM,PANTS,KNIT,LB,商標,2,1,1,very_low,QUINCE,100.0,QUINCE(100.0%),301,100.0,Marking,37.5,0.034,1,4,平車-細針距,C,做記號
BOY,ACTIVE,BOTTOM,PANTS,WOVEN,ZP,拉鍊,1,1,2,very_low,TARGET,50.0,TARGET(50.0%) / UNDER ARMOUR(50.0%),301,100.0,Pressing,50.0,0.009,1,3,燙工-手燙,D,拉鍊燙拔(一條)
GIRL,ACTIVE,BOTTOM,PANTS,KNIT,DP,裝飾片,1,1,1,very_low,ATHLETA,100.0,ATHLETA(100.0%),,,Pressing,100.0,0.021,0,1,燙工-手燙,B,(NEW)小燙
GIRL,RTW,BOTTOM,PANTS,WOVEN,DC,繩類,1,1,1,very_low,GU,100.0,GU(100.0%),301,100.0,Marking,50.0,0.033,1,2,手工-含做記號、翻修等工段,D,穿圓型腰繩(隧道寬>繩子寬)
GIRL,ACTIVE,BOTTOM,PANTS,WOVEN,DP,裝飾片,1,1,1,very_low,TARGET,100.0,TARGET(100.0%),301,50.0,Lockstitch,42.9,0.111,3,4,平車-細針距,C,三角片固雙
BOY,ACTIVE,BOTTOM,PANTS,WOVEN,LP,帶絆,1,1,1,very_low,TARGET,100.0,TARGET(100.0%),,,Bonding,50.0,0.018,0,2,手工-含做記號、翻修等工段,E,穿拉耳
MEN,ACTIVE,BOTTOM,PANTS,KNIT,BM,下襬,1,1,2,very_low,DICKS SPORTING GOODS,50.0,DICKS SPORTING GOODS(50.0%) / UNDER ARMOUR(50.0%),301,66.7,Coverstitch,50.0,0.028,2,2,平車-細針距,B,壓下襬_兩邊散邊
BABY,ACTIVE,BOTTOM,PANTS,KNIT,PD,褶,1,1,1,very_low,OLD NAVY,100.0,OLD NAVY(100.0%),301,50.0,Pressing,28.6,0.054,2,4,手工-含做記號、翻修等工段,B,做記號
MEN,UNKNOWN,BOTTOM,PANTS,KNIT,BM,下襬,1,1,1,very_low,V5 DEVELOPING,100.0,V5 DEVELOPING(100.0%),514,60.0,4-thread Overlock,60.0,0.053,3,3,三線拷克,C,拷下襬
BOY,ACTIVE,BOTTOM,SHORTS,WOVEN,BS,釦鎖,1,1,1,very_low,TARGET,100.0,TARGET(100.0%),,,Buttonhole,75.0,0.021,0,2,燙工-手燙,D,燙襯
BOY,ACTIVE,BOTTOM,SHORTS,WOVEN,DC,繩類,1,1,1,very_low,TARGET,100.0,TARGET(100.0%),301,100.0,Bartack,33.3,0.121,1,3,手工-含做記號、翻修等工段,E,剪+量織帶繩
BOY,ACTIVE,BOTTOM,SHORTS,WOVEN,FY,前立,1,1,1,very_low,TARGET,100.0,TARGET(100.0%),514,50.0,4-thread Overlock,33.3,0.058,2,4,平車-細針距,B,做前襠記號
BOY,ACTIVE,BOTTOM,SHORTS,WOVEN,PD,褶,1,1,1,very_low,TARGET,100.0,TARGET(100.0%),301,100.0,Pressing,50.0,0.044,1,3,手工-含做記號、翻修等工段,E,做記號_一個*2片
BOY,ACTIVE,BOTTOM,SHORTS,WOVEN,OT,其它,1,1,1,very_low,TARGET,100.0,TARGET(100.0%),,,Pressing,66.7,0.057,0,2,手工-含做記號、翻修等工段,E,做記號
WOMEN,UNKNOWN,BOTTOM,PANTS,KNIT,LI,裡布,1,1,1,very_low,M-STAR,100.0,M-STAR(100.0%),301,100.0,Lockstitch,100.0,0.057,1,1,平車-粗針距,C,裁片四周固定
WOMEN,UNKNOWN,BOTTOM,PANTS,KNIT,LO,褲口,1,1,1,very_low,M-STAR,100.0,M-STAR(100.0%),406,100.0,Coverstitch,75.0,0.114,1,2,筒型三本車-二針三線,B,壓褲口
MEN,RTW,BOTTOM,PANTS,WOVEN,ZP,拉鍊,1,1,2,very_low,WAL-MART-CA,80.0,WAL-MART-CA(80.0%) / DICKS SPORTING GOODS(20.0%),301,100.0,Lockstitch,57.1,0.007,1,3,燙工-手燙,D,拉鍊燙縮(一條)
BOY,RTW,BOTTOM,PANTS,WOVEN,SA,剪接線_上身類,1,1,1,very_low,DICKS SPORTING GOODS,100.0,DICKS SPORTING GOODS(100.0%),514,100.0,4-thread Overlock,100.0,0.023,1,1,四線拷克,B,合直向剪接
BOY,RTW,BOTTOM,PANTS,WOVEN,ZP,拉鍊,1,1,1,very_low,DICKS SPORTING GOODS,100.0,DICKS SPORTING GOODS(100.0%),,,Pressing,66.7,0.007,0,2,燙工-手燙,D,拉鍊燙縮(一條)
WOMEN,ACTIVE,BOTTOM,JOGGERS,KNIT,BS,釦鎖,1,1,1,very_low,GAP,100.0,GAP(100.0%),,,Buttonhole,75.0,0.021,0,2,燙工-手燙,D,燙襯
WOMEN,ACTIVE,BOTTOM,JOGGERS,KNIT,DC,繩類,1,1,1,very_low,GAP,100.0,GAP(100.0%),301,100.0,Bartack,60.0,0.075,1,3,手工-含做記號、翻修等工段,D,穿圓型腰繩(隧道寬>繩子寬)
WOMEN,ACTIVE,BOTTOM,JOGGERS,KNIT,OT,其它,1,1,1,very_low,GAP,100.0,GAP(100.0%),,,Marking,100.0,-0.263,0,1,手工-含做記號、翻修等工段,E,其它
WOMEN,SLEEPWEAR,BOTTOM,PANTS,KNIT,BS,釦鎖,1,1,1,very_low,KOHLS,100.0,KOHLS(100.0%),,,Buttonhole,75.0,0.021,0,2,燙工-手燙,D,燙襯
WOMEN,SLEEPWEAR,BOTTOM,PANTS,KNIT,SB,剪接線_下身類,1,1,1,very_low,KOHLS,100.0,KOHLS(100.0%),301,100.0,Marking,75.0,0.109,1,2,手工-含做記號、翻修等工段,E,做記號
WOMEN,SLEEPWEAR,BOTTOM,PANTS,KNIT,DP,裝飾片,1,1,1,very_low,KOHLS,100.0,KOHLS(100.0%),301,100.0,Marking,66.7,0.028,1,2,手工-含做記號、翻修等工段,E,做記號
GIRL,SLEEPWEAR/RTW,BOTTOM,PANTS,KNIT,WB,腰頭,1,1,1,very_low,TARGET,100.0,TARGET(100.0%),514,50.0,4-thread Overlock,33.3,0.123,3,4,手工-含做記號、翻修等工段,B,剪+量鬆緊帶_1條
MEN,ACTIVE,BOTTOM,SHORTS,WOVEN,DP,裝飾片,1,1,1,very_low,DICKS SPORTING GOODS,100.0,DICKS SPORTING GOODS(100.0%),301,100.0,Lockstitch,60.0,0.064,1,2,手工-含做記號、翻修等工段,E,做記號
WOMEN,ACTIVE,BOTTOM,PANTS,KNIT,PL,門襟,1,1,1,very_low,OLD NAVY,100.0,OLD NAVY(100.0%),514,66.7,4-thread Overlock,40.0,0.226,2,4,壓襯機,B,燙大身襯
WOMEN,ACTIVE,BOTTOM,LEGGINGS,KNIT,BS,釦鎖,1,1,1,very_low,A & F,100.0,A & F(100.0%),,,Pressing,66.7,0.047,0,2,鐵釦機-半自動,C,燙襯
MEN,RTW,BOTTOM,PANTS,KNIT,BP,襬叉,1,1,1,very_low,ASICS-EU,100.0,ASICS-EU(100.0%),301,66.7,Marking,36.4,0.336,2,4,手工-含做記號、翻修等工段,E,(NEW)剪+量拉鍊
MEN,ACTIVE,BOTTOM,PANTS,WOVEN,SS,脅邊,1,1,4,very_low,DICKS SPORTING GOODS,50.0,DICKS SPORTING GOODS(50.0%) / UNDER ARMOUR(25.0%) / KOHLS(12.5%),301,63.6,Lockstitch,55.6,0.021,3,3,平車-細針距,C,(NEW)接連接片*2道
BOY,ACTIVE,BOTTOM,PANTS,KNIT,FY,前立,1,1,1,very_low,TARGET,100.0,TARGET(100.0%),301,60.0,Lockstitch,42.9,0.062,2,4,平車-細針距,B,做前襠記號
BABY,RTW,BOTTOM,PANTS,WOVEN,BS,釦鎖,1,1,1,very_low,ZARA,100.0,ZARA(100.0%),,,Buttonhole,75.0,0.021,0,2,燙工-手燙,D,燙襯
GIRL,RTW,BOTTOM,PANTS,WOVEN,BM,下襬,1,1,1,very_low,GU,100.0,GU(100.0%),,,Marking,100.0,0.083,0,1,雙針裝飾小圈繡(打洞車),E,前荷葉打洞
GIRL,ACTIVE,BOTTOM,PANTS,KNIT,SR,裙合身,1,1,1,very_low,TARGET,100.0,TARGET(100.0%),514,100.0,4-thread Overlock,100.0,0.029,1,1,四線拷克,B,合裙脅
GIRL,ACTIVE,BOTTOM,PANTS,KNIT,BM,下襬,1,1,2,very_low,TARGET,50.0,TARGET(50.0%) / OLD NAVY(50.0%),514,72.7,4-thread Overlock,57.1,0.144,3,4,四線拷克,C,下襬縮縫
WOMEN,ACTIVE,BOTTOM,PANTS,KNIT,SR,裙合身,1,1,1,very_low,TARGET,100.0,TARGET(100.0%),514,100.0,4-thread Overlock,100.0,0.031,1,1,四線拷克,B,合裙脅
WOMEN,ACTIVE,BOTTOM,PANTS,KNIT,KH,Keyhole,1,1,1,very_low,OLD NAVY,100.0,OLD NAVY(100.0%),301,100.0,Lockstitch,50.0,0.211,1,3,平車-細針距,B,做Keyhole記號
BOY,SLEEPWEAR/RTW,BOTTOM,PANTS,KNIT,PD,褶,1,1,1,very_low,TARGET,100.0,TARGET(100.0%),301,100.0,Pressing,40.0,0.099,1,3,手工-含做記號、翻修等工段,E,做記號
BOY,FLEECE,BOTTOM,PANTS,KNIT,BS,釦鎖,1,1,1,very_low,QUINCE,100.0,QUINCE(100.0%),,,Buttonhole,75.0,0.021,0,2,燙工-手燙,D,燙襯
BOY,FLEECE,BOTTOM,PANTS,KNIT,DC,繩類,1,1,1,very_low,QUINCE,100.0,QUINCE(100.0%),301,100.0,Bartack,33.3,0.069,1,3,手工-含做記號、翻修等工段,E,剪+量
BABY,FLEECE,BOTTOM,PANTS,KNIT,BS,釦鎖,1,1,1,very_low,QUINCE,100.0,QUINCE(100.0%),,,Buttonhole,75.0,0.021,0,2,燙工-手燙,D,燙襯
BABY,FLEECE,BOTTOM,PANTS,KNIT,DC,繩類,1,1,1,very_low,QUINCE,100.0,QUINCE(100.0%),301,100.0,Bartack,33.3,0.069,1,3,手工-含做記號、翻修等工段,E,剪+量
